ISO_3DIGIT;country;1999;2000;2001;2002;2003;2004;2005;2006;2007;2008;2009;2010;2011;2012;2013;2014;2015;;
CAN;Canada;1958.724166;2002.054966;1913.626105;1816.182854;1847.789778;1842.340506;1823.271063;1771.994023;1853.119579;1782.712742;1659.031834;1702.56286;1713.915934;1708.267977;1724.318199;1712.22428;1676.91061;;
SPM;Saint Pierre and Miquelon;0.351712042;0.37024072;0.371104854;0.367920159;0.378171025;0.401797446;0.363952358;0.352045734;0.362566638;0.380712086;0.390517149;0.395625357;0.438472678;0.734520615;0.735908333;0.917604967;0.902032117;;
USA;United States;17594.57051;17603.05686;17000.45858;16390.04417;16423.58861;16161.284;15743.88052;15323.90228;15285.79261;14171.96191;12942.21328;13317.64942;13219.93427;13772.22717;13729.35676;13994.52931;13860.1652;;
MEX;Mexico;1790.057793;1896.615369;1866.215298;1847.774671;1955.500008;1992.874984;2084.852314;2118.60076;2115.72122;2159.566349;2051.385733;2145.604016;2226.976364;2198.587508;2203.348161;2162.283914;2151.727211;;
ABW;Aruba;2.14286938;2.018907672;2.114549939;1.987490221;1.95201497;2.144105946;1.878092478;1.921353003;1.69004674;1.756238275;1.832773853;1.899559755;1.854030216;3.267130815;3.955955751;3.880197414;3.885787401;;
AIA;Anguilla;0.083975315;0.108771372;0.104489337;0.064405145;0.075259965;0.065929518;0.064545056;0.061404934;0.053020035;0.067527342;0.092740734;0.113634703;0.121516874;0.121559634;0.130516098;0.130308073;0.130819289;;
ANT;Netherlands Antilles;36.85801374;37.78659044;37.68525156;35.23321227;32.72690095;34.35301494;33.91573418;34.51203989;37.39109841;43.26883825;41.86616307;43.36702833;53.08199341;54.80897227;56.14263482;53.98171637;54.67250074;;
ATG;Antigua and Barbuda;2.441843496;2.432639064;2.420380283;2.389840788;3.075877179;3.195847123;3.227325893;3.122612728;3.190784763;3.365790859;3.852349089;3.919050195;4.317552846;7.308866573;7.259981693;6.628789856;7.276169365;;
BHS;Bahamas;16.08794248;15.72178327;15.89616093;15.80822332;19.00470127;19.7537249;20.77392794;20.07111771;19.5914824;14.14760135;16.6175356;16.96486119;18.60910402;31.08521474;33.52489552;32.00611489;30.57430503;;
BLZ;Belize;4.862453133;6.54712394;7.777426802;6.373544124;6.350046498;7.007039095;6.629606636;6.85503301;6.978674768;4.446131509;4.186961415;4.398135615;4.708867191;6.832070526;6.646265235;6.496911835;6.432196742;;
BMU;Bermuda;3.067908706;3.088206732;2.70041849;3.042530659;3.105748234;3.698641582;3.426062022;3.308529735;4.522955654;3.18490803;4.106869051;4.185673576;4.617976633;7.714935192;4.629091026;4.654385679;5.290824203;;
BRB;Barbados;7.788331295;10.30414998;11.01799051;10.60552716;11.10067465;8.980585542;11.04142484;10.66042416;10.32043035;10.35591316;11.59177928;11.4635425;11.9242536;17.08058125;19.34941932;18.78519542;19.76969126;;
CRI;Costa Rica;39.490103;39.16382665;39.307464;37.60727543;38.34891202;41.69194333;39.54498352;43.42502241;48.81831423;47.04679829;45.39333026;47.95618435;47.7516863;47.37138946;52.47565265;52.82072409;47.10682273;;
CUB;Cuba;186.3333195;188.7158267;187.4309283;167.2861447;146.9954963;144.8972324;125.1337707;120.2112932;123.4022807;124.9541898;130.6668639;133.7320516;128.8879855;133.6935598;128.9672097;135.4292286;141.0229946;;
CYM;Cayman Islands;2.292509914;2.326386118;2.331128506;2.310911081;2.371280367;2.964859841;2.712069293;3.056246213;3.586611114;4.740078021;3.9090418;3.978837662;4.408880802;7.341930091;7.348922537;6.956992495;7.280832975;;
DMA;Dominica;0.564814643;0.583987427;0.589181691;1.093972098;1.125563569;1.19341393;0.580605949;1.07117651;1.103932752;1.155207792;1.194474652;1.219741874;1.327502919;2.197295613;2.178090025;2.02783213;2.140612197;;
DOM;Dominican Republic;163.920606;168.9258297;173.2596457;194.5975816;155.903659;148.8383844;157.7461607;162.2787832;162.4706994;163.9573853;152.6082907;154.6310377;149.9043518;149.7332062;153.3603971;153.6272416;168.3821918;;
GLP;Guadeloupe;10.85213359;11.8632237;11.77774235;12.23622197;12.96777877;12.88618367;12.61269265;12.62453646;14.6840186;15.9331069;13.69499432;13.958018;15.38777848;26.23712925;29.51085288;28.67155938;29.08964434;;
GRD;Grenada;1.624156083;1.168863428;1.701102942;1.699739095;1.741430179;2.41691794;2.228728316;2.175430724;2.244201168;2.339649563;2.423724691;2.475363036;2.693658105;4.427405075;5.450881455;4.665032279;4.950717857;;
GTM;Guatemala;109.689358;118.1402108;120.4558486;126.4346127;133.2791996;133.3636264;131.4567012;98.25501933;106.2398699;97.48333253;115.6946355;97.57842988;101.991409;103.5690656;116.2670357;130.1976026;118.4423612;;
HND;Honduras;62.99998709;68.09096976;77.99449469;84.22157119;91.2927049;111.6731355;115.1336068;97.91438818;138.7577621;132.2348109;122.3554609;120.0141126;137.7006859;120.4242165;125.3440723;156.6213363;162.6538184;;
HTI;Haiti;23.74780265;24.1201712;25.02677086;28.01070802;26.04793852;28.80712162;30.98391082;31.67308245;36.06338012;34.64623429;34.97715612;33.80778787;34.39666079;42.92002913;42.11763565;49.78150718;56.45200078;;
JAM;Jamaica;102.0820278;102.0432554;101.8773023;101.4374979;104.7717865;90.16145563;88.22191621;88.29953131;87.55922883;73.35944299;67.04569876;62.0976631;64.9763604;61.53137542;64.45001014;64.46069982;64.17906004;;
KNA;Saint Kitts and Nevis;0.862667907;0.867460598;0.866716173;0.865735682;1.383708194;1.417726904;1.274009019;1.326257164;1.826771497;1.937995259;1.987587919;2.022960228;2.238171734;3.715472703;3.714721246;3.484487272;3.549679524;;
LCA;Saint Lucia;1.4410989;2.390535525;2.386623746;2.375364645;2.906282855;2.548666679;2.334538761;2.27267221;2.799423983;2.944135152;3.028168645;3.080204989;3.41437354;5.632437591;5.637040913;5.327173103;5.493507847;;
MSR;Montserrat;0.329783456;0.35448839;0.35388434;0.352662392;0.36202628;0.378212731;0.446610304;0.446562969;0.461281102;0.48733554;0.501827102;0.510079364;0.565094572;0.934895663;0.786614826;0.734516066;0.820341369;;
MTQ;Martinique;12.48378654;12.63245548;12.61562536;13.01412129;13.74902409;14.84161954;14.41247722;14.00334806;14.89147218;13.9011961;17.13174226;17.44360811;19.27881552;31.9784518;33.73169963;32.37396558;33.06559704;;
NIC;Nicaragua;44.08483898;47.88935681;48.83589508;50.06208742;50.12631708;50.96705229;49.68266751;52.809027;55.25373904;53.45957573;55.78281072;56.09492174;59.35871697;59.92585721;57.55385985;60.3361113;67.35351571;;
PAN;Panama;39.75711674;39.99674341;49.24995714;41.36215331;47.67734329;42.91944665;50.32843338;55.277147;51.2797134;50.47687525;61.18551236;65.87237168;67.89041074;64.79005904;65.83314354;71.42600193;71.76851895;;
PRI;Puerto Rico;3.992255308;3.992525141;3.932611082;3.937936741;4.459017342;4.104795047;4.111116281;4.21256028;4.379320287;4.72551013;4.556410604;4.668226361;4.554596222;4.651737822;4.701145565;4.798777504;4.855728268;;
SLV;El Salvador;51.88112411;51.58978709;58.02665856;58.30401805;59.61022556;58.39568175;59.50404185;66.23109049;67.35753247;62.46088637;61.31318185;56.11875642;58.04634556;54.46436364;54.24872835;55.45601013;57.69843929;;
TCA;Turks and Caicos Islands;0.027434384;0.04708354;0.044678859;0.041682127;0.040768356;0.04231964;0.017247694;0.016269163;0.092922417;0.190047815;0.199190087;0.311163311;0.321349441;0.576042734;0.567583682;0.522919679;0.522027245;;
TTO;Trinidad and Tobago;29.68472246;30.43897059;31.61596311;33.62734199;35.3859722;35.26283923;41.16705915;42.16755133;48.77414493;47.93524526;46.47956859;49.80547491;48.99061456;48.19419495;48.52518781;49.26770276;49.32689414;;
VCT;Saint Vincent and the Grenadines;0.980089714;0.998118309;0.995852711;1.452246611;1.485885318;1.555436568;1.425026792;1.388128383;1.437268128;1.516635708;1.552861341;1.576352177;1.741213474;2.847368448;2.840826474;2.642149595;2.717372472;;
VGB;Virgin Islands_British;0.386065067;0.390183462;0.38955369;0.388198458;0.398674275;0.497079999;0.45528503;0.441428196;0.90826809;0.9603762;0.989388828;1.006535876;1.115868846;1.855374435;1.857998499;2.179941773;2.220928804;;
VIR;Virgin Islands_USA;0.0064369;0.006468702;0.006485179;0.006512238;0.006551036;0.006559021;0.006564873;0.006564983;0.006649675;0.006709916;0.006710028;0.006710429;0.006740791;0.006710655;0.006710767;0.006831698;0.006747668;;
BRA;Brazil;2504.147776;2407.884824;2494.64667;2561.672421;2584.403886;2739.777852;2748.059343;2872.235791;3110.179643;3336.725156;3291.835552;3611.5657;3653.748941;3829.245914;4058.001122;4197.261009;4093.627081;;
ARG;Argentina;722.987359;679.2278317;637.093223;593.3679241;620.7561767;665.6722504;682.8162406;723.7335692;756.7705977;795.8396628;724.8905033;793.79314;865.228984;864.903656;837.4284411;843.9483603;865.9430315;;
BOL;Bolivia;51.30389861;54.9585703;53.64996474;54.9452884;57.58872137;60.07911305;63.08105359;68.43197447;74.4976912;80.88149144;86.42455875;92.75462853;98.94533433;106.5333535;113.3216646;119.3438851;121.576455;;
CHL;Chile;281.9639209;260.8942864;236.498358;242.8054083;240.2808676;268.7602147;285.3129443;287.5171142;359.5689673;376.8893297;357.4914244;354.1655465;373.1660174;439.786346;454.2683415;430.0879136;447.650482;;
COL;Colombia;332.8305561;335.2064988;336.0019444;320.1585004;325.6394346;315.1740999;323.8067758;331.1892778;339.7753377;338.4730525;343.1114138;354.9906064;390.0824961;394.7379062;417.3825676;458.1187517;460.5259297;;
ECU;Ecuador;143.7878518;148.8107552;153.3849893;154.136954;148.3307182;163.7744348;167.7274356;184.301595;189.9377913;188.4087264;205.7506797;246.0305001;247.7841458;252.7476783;270.6267353;287.8994138;294.8798754;;
FLK;Falkland Islands (Malvinas);0.264382702;0.268873002;0.267887315;0.267592034;0.274189056;0.282133609;0.323231741;0.336394179;0.384316334;0.407809144;0.4133539;0.419056642;0.455856334;0.710625199;0.665570838;0.633577833;0.65987997;;
GUF;French Guiana;5.094457851;5.189463503;5.187133015;5.172629589;5.620816028;5.571275999;5.403052736;5.283371062;5.122699296;4.998555439;4.466435027;5.646662471;5.032833951;8.008020655;8.594773621;8.139593726;8.096859168;;
GUY;Guyana;14.32489407;15.62623617;16.30546626;17.34250848;16.61604473;16.97743209;15.26498441;14.75480686;14.97269867;15.24384713;15.42310726;15.098871;17.48219496;22.92463171;25.63605598;24.12371122;24.510796;;
PER;Peru;187.6503352;175.7613661;157.3261212;160.2646324;159.9701742;176.0741252;169.9818029;167.4494953;175.4832231;205.7208577;220.9337591;244.0880027;253.3158403;264.2592157;277.5568364;276.7891058;285.1166299;;
PRY;Paraguay;62.68482155;50.89706756;52.04997215;51.66711059;53.0823161;52.8883216;51.22531417;52.968378;56.85757791;59.46013068;59.56321163;68.01088952;70.56796101;68.52399468;73.61420824;76.93304987;81.29644199;;
SUR;Suriname;10.94610662;11.40292107;12.0980829;10.00635531;11.00255231;11.98779593;15.32080051;13.16038091;10.77741569;11.32180573;13.58548112;16.42501625;17.78975636;22.02410104;25.02109158;23.2744709;24.70167002;;
URY;Uruguay;49.22871382;38.34297481;35.05818802;32.33654966;31.45492357;37.50543261;37.51607055;43.43019448;42.29694505;59.8370294;61.17574832;58.50132878;66.02721745;71.82118082;69.58964797;70.35979615;75.58922075;;
VEN;Venezuela;475.5223744;499.0872588;543.07393;536.1419713;525.7380659;546.7232805;587.7378871;586.4784383;569.3461462;678.7026323;702.7269674;725.1372528;670.9719217;783.0344829;705.8919498;742.4355099;667.884392;;
DZA;Algeria;218.1426994;220.2395513;221.6150914;245.2258485;248.7539268;259.6857722;268.2442828;276.830881;296.2043849;307.1723518;319.9963201;323.184243;344.6199169;377.4486476;383.7631207;418.4059916;449.3991783;;
EGY;Egypt;486.7072826;483.775692;472.8936477;479.1719995;489.4665481;520.9065347;531.3004134;545.0322438;568.1690718;577.7910241;579.3319769;576.9018596;576.8662643;609.1598637;632.8303494;659.6526765;671.5419064;;
ESH;Western Sahara;1.232898263;1.657655501;1.762800623;1.758389194;1.816870512;1.645301021;1.669518414;1.699381035;1.838982102;1.839042123;1.974299336;2.038207278;2.54561538;2.661369508;2.281739289;2.078725764;2.171877182;;
LBY;Libyan Arab Jamahiriya;212.1793219;217.2267057;221.2104859;231.4407748;241.9023457;240.554295;258.669423;257.4160621;237.5250914;258.8406707;285.9783884;305.2127599;220.0420915;279.9292056;295.6120938;306.9999962;294.3589054;;
MAR;Morocco;152.4203049;154.4189446;162.2476715;166.4518851;167.0303072;177.196814;182.9190589;184.4496706;186.3083852;192.9443939;188.6471176;198.6601207;214.8791593;216.9951249;213.7626481;219.1927084;226.4117307;;
TUN;Tunisia;68.81394383;70.85186456;72.61298799;72.27030188;70.95895674;71.77162374;73.01127604;74.11220356;76.72727891;73.49036503;77.71984122;79.22601533;75.47502783;78.36389176;77.90385792;83.95730196;86.81558027;;
BEN;Benin;15.72712871;16.34764545;17.62959745;20.056797;21.83941706;22.48595356;24.37320078;29.66334479;36.14356901;36.75121324;40.05035342;43.84464328;44.79970312;45.4531257;51.33819603;56.79173386;63.20300354;;
BFA;Burkina Faso;19.95105946;18.41967172;18.67960948;18.93099001;22.71155434;24.4673847;25.5234026;26.2953989;28.20850108;34.33904217;33.20646198;34.81980999;38.72002683;40.66220494;49.36265702;50.49351959;51.38764924;;
CAF;Central African Republic;5.743621531;6.143498874;6.357389976;6.423619421;6.496663201;6.659923662;6.34928432;6.067477339;6.437105627;6.574356288;6.851547027;7.003840008;8.050221157;8.180647959;8.1251897;8.111215816;8.542972892;;
CIV;Cote d'Ivoire;40.11434868;38.27180923;38.00845326;40.31929433;32.97970577;37.03346159;39.96553891;39.04962405;39.0821879;44.02628103;43.43358222;45.30995726;47.31083134;60.26774947;63.08697488;67.15768369;71.13498842;;
CMR;Cameroon;35.73771235;38.5971466;39.17148563;42.08020414;43.33827922;44.56287781;45.39312991;44.21250589;49.20643438;48.41418109;53.98673178;55.89833839;56.19612261;57.60758089;59.99974767;63.44694102;67.53382648;;
COD;Congo_the Democratic Republic of the;60.69852644;63.40956195;62.54827827;64.536357;67.87778027;70.42008943;74.54044886;77.47895535;81.37455417;85.14211925;87.18805747;89.87835079;97.971902;93.3872696;113.9673679;134.0151013;112.4928351;;
COG;Congo;7.114634748;7.61121323;8.720118504;6.786445558;9.128466403;10.29058988;10.94724615;13.46261057;13.48641821;15.9749959;18.01301753;20.34322375;22.79264566;24.39230775;28.2284885;29.29255554;29.84165684;;
CPV;Cape Verde;1.016134986;1.447446395;1.093350912;1.093424278;1.073646993;2.066121229;2.107851449;2.154371791;2.852222481;2.865192633;3.093794382;3.191044669;4.015576219;4.194581175;7.668205926;8.001803598;9.267047997;;
GAB;Gabon;15.78734651;15.43229336;15.34121912;18.34355766;22.09359336;25.14052881;29.77391361;32.10032393;37.05715985;38.70644133;40.09135512;45.81039543;37.4106626;33.33847556;49.66542057;46.45068948;46.48929175;;
GHA;Ghana;60.01837817;54.03537479;57.38184946;70.29941848;65.79227169;60.72325337;64.51011259;76.57588635;80.74977557;73.89342331;88.48220777;95.85126443;94.25299222;116.3405793;126.8934952;120.6835167;121.8728659;;
GIN;Guinea;20.42026061;21.02634836;21.64276431;21.72311508;21.90188066;22.35303824;22.84809715;23.51210683;23.83863295;24.76097584;25.85938026;27.37066446;30.07018285;31.29253134;37.49157608;38.90037885;39.41559284;;
GMB;Gambia;1.887413611;2.297348298;2.436235652;2.4192244;2.54615765;2.630140586;2.672066578;3.240442794;3.921503894;4.06475682;4.36761121;5.105307577;5.387795958;5.617436617;5.54663969;5.673647588;6.004207518;;
GNB;Guinea-Bissau;4.19070041;4.606848487;4.760667;4.754396363;4.798479283;4.894982793;4.886317395;5.019559829;5.755196893;5.381952477;6.244300155;6.432242385;7.541661065;7.912748598;6.578278251;6.669197054;6.998831849;;
GNQ;Equatorial Guinea;2.37125849;2.632271579;2.657519737;2.281694864;2.484456557;2.704097573;2.733611776;2.696295755;3.597760797;6.05005502;4.250539434;5.960508879;6.393771613;5.99594747;5.331759845;5.577942403;5.757372562;;
LBR;Liberia;6.967190747;7.089942666;7.816403124;7.888672894;8.038465409;8.259329689;8.133394835;9.627360329;10.18543558;10.51670612;10.70886494;11.04703332;12.00728483;12.59333073;15.26857877;15.73267373;15.84133988;;
MLI;Mali;15.70987547;15.71542176;16.40495266;16.84146143;17.60065899;17.48468036;18.16702068;18.50861752;18.49099916;19.58015042;20.38153354;21.10875787;22.16852742;22.44503243;23.78945778;24.07578116;25.31446318;;
MRT;Mauritania;24.22276826;25.71980049;27.78902232;27.00386805;28.2928974;25.63032506;30.42651641;27.6350613;26.70095228;20.15770018;21.82595473;22.44299245;25.47771804;26.64531151;27.7464206;29.25962491;28.90677735;;
NER;Niger;24.07531705;17.89576188;18.5623727;19.15167001;19.99239864;19.30667056;20.81540347;21.85589135;23.69683285;25.2536115;25.99754128;30.70143004;28.69397828;34.42154769;35.66038137;37.88739846;39.68890437;;
NGA;Nigeria;464.5947008;501.0339425;561.6375419;574.7062121;596.9648605;607.9342076;623.1249977;580.8185971;554.3258528;609.73006;586.5067094;654.8352158;656.4589909;686.7006667;671.0976154;621.6387406;663.0345751;;
SEN;Senegal;31.57038559;33.0195639;34.68517032;34.99003788;34.73362421;40.03648588;42.32643286;43.27936437;47.48255492;50.83342555;54.18643145;55.43888346;57.02448356;57.51013768;59.61381492;61.83214934;65.97895036;;
SHN;Saint Helena;0.031651365;0.096001791;0.057754874;0.057592306;0.061410644;0.071257243;0.07517879;0.062387373;0.07629617;0.079067168;0.080554069;0.08803826;0.09213209;0.09270706;0.112983474;0.112792422;0.113658804;;
SLE;Sierra Leone;10.59553241;10.98103427;12.2064644;12.45442642;12.9241556;15.05799296;9.691973621;12.04625402;10.56730945;10.83748145;12.32420559;12.78602682;14.22478594;14.56459071;17.71386351;18.11787053;18.39015925;;
STP;Sao Tome and Principe;0.4813356;0.48564503;0.518624299;0.520847567;0.536621535;0.552857043;0.564830316;1.077811834;0.616213583;1.163051919;1.253183731;1.291012243;1.646127439;1.71627637;1.461523378;1.557663693;1.592569064;;
TCD;Chad;11.64469652;11.45248804;12.14226524;12.11047405;12.74072969;12.417373;13.0365808;13.408263;14.53492659;14.58007379;14.92198828;17.26616847;16.34586427;17.83965918;18.06397052;18.69552775;18.348241;;
TGO;Togo;11.28931173;10.43613742;9.894616782;10.13010277;12.09809318;12.09821061;11.64005257;11.95958154;12.63230697;14.07302757;25.36999207;23.04929057;21.37811302;19.75131695;20.46770867;21.52126627;22.36010685;;
BDI;Burundi;8.659104068;10.67249874;11.31212953;11.25063757;11.27433057;11.44755304;10.7883175;11.04586652;11.37019159;10.60012817;11.00616671;11.3381456;8.955245953;8.754155318;8.559092186;8.670529778;8.717623142;;
COM;Comoros;0.483443084;0.458023906;0.478467423;0.485456932;0.497463599;0.49985748;0.852659501;0.85382165;0.935092206;0.944732934;0.993470762;1.041391752;1.17143547;1.222976808;1.519388172;1.283667512;1.438456169;;
DJI;Djibouti;9.553229175;10.06216171;10.80133481;10.86485549;11.65589131;12.11942979;12.46014947;11.78236339;12.19127654;9.172655745;9.887842118;10.19147309;13.06111644;13.59175008;8.878137831;9.013471841;8.9573382;;
ERI;Eritrea;9.627373181;10.57680038;10.56115327;11.06734279;10.99440869;11.17735161;11.48923565;10.72810339;10.01702937;9.788657039;9.035477933;9.287325424;9.935719618;10.51735732;11.0271157;11.27709455;11.70936811;;
ETH;Ethiopia;112.8764171;115.3506809;125.9884706;130.147077;133.2405295;140.1201478;142.9472596;148.6295065;161.7552773;178.4673745;184.917826;175.4079308;183.0461412;191.6086557;205.8345225;219.490014;227.8706171;;
KEN;Kenya;89.01903632;99.80240312;91.77925644;91.32434065;84.66682631;96.96814377;102.56262;110.4531787;117.9283765;127.2466022;144.505808;147.678919;150.9734754;144.4430326;164.8401728;164.6039104;178.2003947;;
MDG;Madagascar;24.05649715;27.07899278;27.47473804;28.56139234;29.61129785;31.55693172;34.18851015;34.08646704;35.67868119;32.98785242;32.80994885;35.17157448;41.25634666;41.92018003;44.52950547;45.48303169;45.72159937;;
MUS;Mauritius;32.64058129;28.60388859;29.12490939;28.27360651;30.81190641;32.30156988;32.50098609;33.22674871;31.14307758;28.47444528;29.25069168;30.83880539;31.52293604;31.38494318;31.44460351;32.14009617;32.93045916;;
MYT;Mayotte;;;;;;;;;5.31E-06;2.12E-05;0.000119475;0.000220365;0.00226737;0.002655;0.002655;0.002655;0.0029205;;
REU;Reunion;12.76156548;13.36077425;14.77423578;14.56079362;14.75548234;15.49883936;15.45355102;15.77374775;16.33001976;16.7551221;18.01369092;17.71235914;24.02394186;24.72741944;16.60258664;17.8142049;19.02016673;;
RWA;Rwanda;9.163844823;9.658511293;10.09815378;10.13595427;10.1511893;10.64965902;11.2741633;11.78758822;11.50693064;12.35296075;13.08501746;13.49214713;15.66580008;16.19016121;15.48405455;16.14235499;16.32581722;;
SDN;Sudan;107.2286807;112.7906017;127.0143941;135.9046003;148.1410427;149.7214173;169.3921695;186.7645997;189.9431548;203.4484638;203.1744827;188.2859062;195.9334051;189.4914441;192.6892136;198.5939966;210.4536928;;
SOM;Somalia;17.83750064;18.53902044;19.00305783;19.24105384;19.58311727;19.83050892;20.92759079;21.05940468;20.09935755;20.48338619;20.79979578;21.75047994;23.01486222;23.89545396;23.20642105;23.04212079;23.5091619;;
SYC;Seychelles;3.23162216;3.227603097;3.38510201;4.997475077;5.066961887;5.172829698;5.197903711;6.86380668;5.807867974;6.52917948;7.281267129;6.292367902;8.370085913;8.649995058;6.616321599;6.810942095;7.001771677;;
UGA;Uganda;43.06428297;45.61447596;48.59131558;49.9987432;52.15198336;53.45020307;53.74355051;57.31060991;60.15357881;75.74984193;78.07023447;79.83528721;89.76658081;94.30925859;96.11118182;99.49747808;101.5987757;;
AGO;Angola;47.30356042;47.80788136;50.78654383;54.51037105;67.12457003;65.29727757;60.09731208;70.51393234;79.35501329;93.61928177;111.4703258;121.9059971;129.438765;127.5023412;144.9823234;160.1005531;174.2423251;;
BWA;Botswana;28.53357227;29.53231415;29.43635646;29.19376262;28.97697217;29.87315424;31.58014465;31.98383631;31.93948925;35.42912506;33.23531927;29.00391834;32.93116695;38.49984086;41.76941732;47.69043992;49.3924806;;
LSO;Lesotho;3.876905518;4.162382946;4.439883968;4.156007719;4.099390617;4.087636478;4.135262969;4.246029147;4.774454315;4.790639794;4.401542294;7.369060743;5.041806597;5.122694328;9.166061756;9.887621545;9.473701826;;
MOZ;Mozambique;32.23521142;33.18681613;33.73279253;37.11998862;41.40921743;41.79210277;42.05917881;43.04890805;47.21902813;47.52852757;50.62094169;53.48722988;59.85079345;58.8420619;61.64093309;66.63846643;71.48316682;;
MWI;Malawi;12.16143691;13.23734463;13.66633707;14.94490243;15.41070355;15.94101845;17.47911287;17.82802027;19.80210671;20.22664493;19.28516472;19.68685434;21.0565687;21.40509861;21.29938384;21.62355767;22.35736733;;
NAM;Namibia;17.05538255;16.28787512;18.95342888;16.65409337;16.85725529;16.97552159;18.4675675;16.73552955;15.9138207;16.45445556;15.70048442;15.07410082;15.439381;16.6502557;17.08221145;17.98925664;18.88298256;;
SWZ;Swaziland;7.38347174;10.28044802;10.27935331;10.57748467;10.02470163;9.482962797;10.96074799;12.19051863;14.24750002;14.38434581;13.72934131;13.40335761;12.32948335;12.90315858;11.83281112;11.61507907;11.61321303;;
TZA;Tanzania_United Republic of;60.41314396;68.8174827;69.76504083;77.13068711;80.33532881;104.2567688;104.7437286;109.8787783;106.0568702;108.0158104;105.8952724;112.618505;135.979677;158.8619917;171.0494115;169.9194205;189.5644752;;
ZAF;South Africa;1279.762241;1299.152532;1568.927085;1596.923938;1644.480276;1736.527372;1688.884229;1658.437424;1729.843422;1809.043666;1616.565624;1714.493713;1664.31693;1731.357579;1768.16788;1822.552216;1791.090512;;
ZMB;Zambia;27.86210953;28.97745836;30.05563076;30.8645713;32.91310547;33.91521741;35.59994746;36.93439727;30.96394972;32.43684348;36.4446576;40.04088271;42.74142911;48.65572031;50.70731326;55.74020601;56.54221467;;
ZWE;Zimbabwe;101.6223076;86.22661277;87.57375414;80.99005505;69.91474518;70.34783533;71.31678689;62.92850119;61.58378927;52.58249685;52.63875751;65.1603083;79.782498;84.90386077;85.60686323;83.43162817;83.34497436;;
AUT;Austria;239.9237968;238.8276034;246.7763842;250.1861105;257.1718939;254.1260525;256.6836326;240.4849286;232.0976369;218.3916412;201.709356;200.6627057;184.0232994;176.6963849;181.3715751;169.1492051;162.5260666;;
BEL;Belgium;346.7055363;336.1639116;339.6070552;314.4801827;317.09994;312.9318881;297.7625022;290.1679847;278.0748275;266.1367631;257.0232024;255.6059553;236.5430857;228.961298;227.2195545;217.353988;218.5830605;;
CHE;Switzerland;123.5158547;119.6916254;116.9157213;110.189136;108.6334183;106.1934788;104.6630185;102.9897647;99.13260492;99.59444304;94.76733243;95.01807767;87.95164866;90.08881983;90.50856854;84.07342619;80.95025154;;
DEU;Germany;1949.987953;1836.298712;1771.144821;1693.489499;1638.364726;1571.408919;1472.486683;1443.960862;1366.104596;1316.297848;1228.62737;1238.708984;1182.174814;1170.180083;1163.261762;1116.429471;1097.209776;;
DNK;Denmark;223.3865238;214.8789384;210.3500883;207.4936727;207.6267673;194.0407729;182.8543909;182.6785509;168.6619983;159.669626;147.5770505;145.9593702;132.7662845;120.5462786;118.9519579;110.7630655;106.5466283;;
ESP;Spain;1287.686124;1276.009609;1279.804541;1329.39056;1313.013369;1325.625757;1315.579938;1246.68029;1203.191595;1122.438239;1014.803656;969.1961974;922.7788838;884.4792835;764.9415509;726.1289094;739.3999735;;
FIN;Finland;258.2052125;260.0545648;259.7236294;264.4355941;263.7047911;248.7740063;215.5060306;225.2306328;213.8973702;198.9815849;178.8391097;194.0549733;187.296616;180.3678799;175.4276977;175.5711472;171.7803158;;
FRA;France;1480.906496;1426.485321;1398.004847;1347.684225;1300.775749;1254.272162;1198.504451;1129.312143;1078.896692;1023.68847;963.1721544;948.0865028;873.2913862;842.2582012;815.7900742;756.6719821;749.0793778;;
FRO;Faroe Islands;0.029997357;0.030281675;0.030100102;0.030289709;0.030377086;0.030560481;0.030557326;0.029937822;0.030052791;0.030085764;0.030230044;0.030300694;0.030556158;0.030797159;0.030826397;0.031142081;0.031227409;;
GBR;United Kingdom;1788.944034;1700.527156;1650.557531;1548.972953;1518.988753;1436.160258;1370.302293;1333.650022;1260.215068;1162.792802;1061.362278;1038.439657;963.5835357;950.1102521;916.1107055;889.4687913;866.2177666;;
GIB;Gibraltar;3.167806293;3.297541809;3.28417008;3.303478764;3.322418063;3.377803449;3.454430858;3.60704192;3.583487887;3.748175716;3.953549665;3.927557618;3.82269474;3.91356285;4.179859443;4.403535829;4.692646649;;
GRC;Greece;396.709851;385.4248598;394.7419951;387.6623934;396.4401822;391.6757856;391.0721167;393.4053798;400.7844465;383.800146;394.3951151;335.1728479;289.0021423;257.3645771;231.690241;224.3873726;224.9738815;;
GRL;Greenland;0.011023062;0.011019892;0.011043299;0.011002107;0.011191111;4.189480465;4.097697173;4.270437796;3.887719919;4.073742294;3.578750915;3.437862495;3.607194193;3.354687471;3.153680507;3.117400808;3.364052908;;
IRL;Ireland;144.1709093;140.5782614;142.8386635;136.6573104;125.0842477;121.9237968;119.6310637;116.7088305;108.3063727;101.072215;89.47530852;83.59993089;74.64967552;73.69901884;73.45773397;73.62512544;78.45366351;;
ISL;Iceland;8.104059915;7.386639449;7.251229135;6.99781643;6.679845832;6.697525016;6.359853586;7.683467638;7.904884446;7.395067264;6.443245087;6.049415374;5.440149008;5.09315215;5.209343238;5.281432861;5.394829385;;
ITA;Italy;1521.901965;1445.454841;1398.768878;1388.25862;1368.578658;1301.229497;1226.424176;1176.640188;1117.126505;1062.67684;950.7944296;918.1064214;895.1513489;847.9509495;810.3367825;789.8995987;792.0530461;;
LUX;Luxembourg;41.05690185;38.18813924;39.91316559;42.59412553;44.70874737;51.20920395;52.18169145;48.33935936;44.18186017;42.5565076;37.85517113;38.28909353;37.35356331;34.61717834;32.4144531;29.47173307;25.56487051;;
NLD;Netherlands;484.8826946;471.1851951;465.4109569;460.2127685;445.6370608;434.1337389;417.5670438;406.5504264;385.4691975;379.0450767;347.8207706;351.3728435;330.9481948;315.2454827;295.3177202;269.112119;268.3464388;;
NOR;Norway;183.981145;159.4281683;157.3455523;152.7636788;161.5830259;160.3049222;160.2041874;163.2420833;166.1130901;156.8469523;160.2487671;172.0161707;164.3337881;154.7873113;145.8733984;138.1441565;139.773564;;
PRT;Portugal;290.3483972;272.3647137;252.448961;265.0363232;239.420136;225.592868;222.369309;202.6799664;207.539438;200.6900298;197.0050196;184.2522848;171.1503118;158.5646727;159.8764241;149.2357698;154.995311;;
SWE;Sweden;355.9956922;337.1493886;318.683019;311.9534752;305.6386424;290.4471829;278.28412;271.38324;260.6070352;239.1258856;229.8948675;249.1617424;224.9617522;212.4467963;205.4532286;198.570241;188.7645697;;
ALB;Albania;22.63014375;23.1086336;23.46262786;25.88389179;26.02816453;29.25087725;28.12072531;24.70967466;24.16801409;25.88226714;24.65324632;23.85505804;26.36693885;23.42310658;24.82867518;26.90189212;26.9633128;;
BGR;Bulgaria;155.1392107;147.984835;162.0962983;152.9523777;166.5506929;165.585269;167.4677643;168.9585398;177.3979011;167.4955517;141.5313128;137.6355576;138.514501;100.5770737;93.47056153;99.0678388;101.5100095;;
BIH;Bosnia and Herzegovina;35.91560974;54.90081258;54.32888838;56.96315698;51.52374581;55.98406951;56.90471044;63.31128753;63.87375171;67.40900159;64.38197414;61.40882031;69.29452599;64.31047329;65.22222431;69.47716412;71.82935887;;
CYP;Cyprus;29.75382268;30.58437306;29.87795893;29.60390902;32.00358851;31.14706525;29.84163641;28.56332872;28.86813949;28.09233594;25.9317618;24.48412152;22.94239438;20.00700306;16.50788478;17.00433447;17.50214453;;
CZE;Czech Republic;329.747429;357.3663362;347.1765808;339.4867186;360.2779822;360.7430283;357.6785892;349.4065242;341.1034582;324.8244399;309.0052438;286.1759099;280.566156;267.0814697;255.3278243;249.7772987;240.2234354;;
EST;Estonia;36.30849865;35.50410912;37.6071682;37.88378845;38.00053334;38.26837572;39.64200602;36.46164809;39.6557287;37.93166314;31.21049906;34.80175914;33.17911814;31.73589205;34.05010039;32.02641268;29.31367397;;
HRV;Croatia;74.33506929;67.25204669;68.77977027;72.25483394;76.87767169;73.78163259;74.20727244;75.3299141;79.35243889;75.76845167;71.16565001;65.5664442;63.4224899;59.40999716;57.4628772;52.17297717;52.35168015;;
HUN;Hungary;185.6772605;168.7749558;171.4816141;168.2567127;173.6888606;174.5101775;174.5025214;171.1019275;164.0188474;158.9043226;142.0083254;135.0086165;131.9403452;120.961239;115.7710624;117.2505859;121.2085915;;
LTU;Lithuania;58.91775076;50.50991197;53.79527348;56.10370489;57.03640478;61.44604315;64.39976805;62.2556556;63.91157487;60.98603702;47.22937333;45.42036452;44.70664019;44.83901348;42.87370627;44.41285939;44.97237282;;
LVA;Latvia;51.27534429;43.01128673;45.27557036;45.27145089;44.9859634;45.43812124;44.27952276;44.0990665;45.49251461;41.01634425;36.32307504;37.22191015;33.61998694;33.32450835;32.21470547;31.79755617;32.00485889;;
MKD;Macedonia, the former Yugoslav Republic of;33.09091939;31.32313486;29.31834489;27.67508706;28.77748543;27.44370449;25.7501587;26.49921344;28.52833298;27.17531132;24.28305926;24.55898243;27.12558116;25.81997183;23.51355589;22.20295219;21.73777349;;
MLT;Malta;12.39543254;10.50075125;11.9543116;10.6674682;11.88394796;12.25265299;11.89240694;11.03813141;11.21437414;10.8326898;9.656049124;11.0864522;10.99997249;11.18860724;9.961964305;9.371435358;6.831486127;;
POL;Poland;896.2344305;813.7346352;800.3514497;776.6993052;807.0782688;828.1733168;798.4747958;795.9779806;784.9341856;751.1248033;710.045985;742.6978462;726.4106468;690.1351771;653.9166939;628.8162636;629.4093154;;
ROU;Romania;326.562539;320.6729051;330.4234765;315.8538834;323.9347913;309.2222868;286.904292;298.5237132;296.602107;296.9378249;251.7635768;236.114313;237.9877231;215.6861258;218.0925813;205.8727529;225.8253756;;
SCG;Serbia and Montenegro;102.9823401;119.3855805;137.5725578;146.7672936;157.1582775;185.9890196;183.1046696;187.2743276;169.3087011;166.1397256;151.3998572;150.0254988;154.7714041;140.7720861;140.6580745;126.8487457;139.6289919;;
SVK;Slovakia;119.0941023;110.284873;113.5687361;115.97396;111.9290979;113.4467712;112.8204772;105.2374279;103.2613753;101.0746709;85.09077376;88.00420926;84.7127773;80.93022773;78.2788854;73.75784476;73.71751932;;
SVN;Slovenia;55.38287463;52.33224539;52.27286561;52.68205873;51.57340764;52.50946425;50.77148632;49.06902368;48.0886853;50.2023659;40.03622292;39.37726304;39.22149456;38.12516288;35.73057082;34.05275622;30.55957941;;
TUR;Turkey;665.22055;749.9412318;684.1850285;721.4451806;749.0235589;753.5130353;749.4178384;813.0709185;882.6425169;837.0942689;806.3735533;816.0849536;850.4539026;894.6058359;904.7282751;935.7013242;950.8592023;;
BLR;Belarus;182.9493055;166.7147234;161.4614837;159.9157888;158.3166685;163.8515934;167.882386;179.694974;174.7850409;195.3225518;194.6884487;203.1101527;198.4903203;202.4267696;200.7969298;196.7637022;179.5266339;;
MDA;Moldova, Republic of;19.6539428;18.33872697;19.45399093;21.90843492;23.98553817;24.51485469;25.58720571;25.28950988;25.62375965;28.47293901;26.28405175;29.37186505;30.4587068;28.26327;29.45293602;30.00011861;31.63587823;;
UKR;Ukraine;850.910821;837.5564269;844.2104243;858.0210096;969.5977655;883.608092;891.9113987;903.9431015;939.2476209;922.8692283;787.9640976;816.0561333;867.6625035;885.4648258;872.2103027;786.7073196;663.2789115;;
KAZ;Kazakhstan;461.5038394;453.0021926;428.4231776;461.6515918;512.0850787;529.1614598;551.7651974;584.3925523;614.3216358;787.2132218;666.1047952;704.9704078;782.40249;807.6249385;838.3921893;747.8805715;720.7024273;;
KGZ;Kyrgyzstan;24.95752636;21.88561525;19.82332381;20.92945337;23.28882536;24.39829038;21.51714055;21.03728278;25.93957597;29.73872112;28.76530467;25.91386497;31.3033507;43.96959923;41.41655382;37.50348345;37.13473616;;
TJK;Tajikistan;4.962331717;4.674848984;4.72770731;4.970278374;5.097104401;5.776336912;6.076462576;6.443715242;7.115082078;7.148136462;6.857222493;6.84314806;6.862876081;15.91991485;18.51433692;24.25461987;25.59835007;;
TKM;Turkmenistan;76.40457996;77.82740473;76.30685568;83.78755641;91.66513381;95.00672261;95.94125151;98.43179481;105.8096786;107.2539825;102.9896309;112.3654662;119.5337026;127.3106972;128.5716383;132.9363167;137.1510772;;
UZB;Uzbekistan;221.4196363;220.6822643;219.244377;223.4265741;216.8673075;208.5423446;195.6511583;199.6807501;199.297831;197.159475;182.6776434;177.3726237;188.0316231;190.7780459;177.83585;181.883694;179.1322946;;
ARM;Armenia;6.146906238;9.211274687;9.013317798;7.7393189;8.092777414;8.684851114;10.20128671;10.07767862;15.40557485;17.13344052;14.31393498;14.63746854;16.6547172;18.73925812;18.45039502;19.67133029;19.37184256;;
AZE;Azerbaijan;76.22338799;85.69299688;73.53588187;73.05884244;79.456313;79.12866421;82.30927083;84.30423249;71.05340575;75.81772313;59.15397647;58.28787834;68.38444713;75.64600434;81.14413685;83.67042342;82.09911285;;
GEO;Georgia;19.35790872;18.30997741;16.41564887;15.29009282;15.50775169;14.41225686;15.49119656;15.80295029;19.48976564;15.58413383;19.28933473;17.89208219;19.15450944;21.55539052;33.29381228;37.57122502;39.17523026;;
RUS;Russian Federation;4583.669561;4599.516101;4610.242263;4533.021954;4455.699378;4368.796628;4272.056782;4345.088068;4198.179784;4161.502907;3879.851633;3928.106507;4190.120042;4133.192041;4024.551011;3928.019274;3859.821797;;
ARE;United Arab Emirates;321.9876834;315.1930099;347.7461059;361.8151042;381.3141461;393.6687913;409.3434465;412.4273093;428.8274987;481.913049;469.8059394;477.2418753;483.1170248;521.3359067;543.6671593;537.7174551;532.4419736;;
BHR;Bahrain;42.05013346;42.36987529;43.3827716;46.0457581;48.40511515;48.27341856;53.28630689;59.87822762;55.87999788;54.89616694;52.37008479;51.06667665;50.98315742;51.62616648;56.64369215;59.69529774;59.93316553;;
IRN;Iran, Islamic Republic of;1197.321175;1266.734753;1356.888915;1466.747295;1570.10776;1721.75841;1881.262138;2028.20747;2071.233667;2133.699985;2248.314362;2162.308677;2209.235395;2287.634045;2389.152371;2483.168927;2408.044663;;
IRQ;Iraq;396.2862195;456.3547787;523.689078;501.6531016;444.1460784;521.5398538;513.0623244;488.8634486;446.4342773;493.8841455;617.3283931;698.2970115;751.7442982;863.3842959;917.8892516;932.569943;867.9796765;;
ISR;Israel;273.259715;282.8739616;271.5932625;283.9159889;289.346083;276.8310137;259.7496467;257.8967142;257.2780228;260.9933321;239.6204327;246.5755801;245.3843017;286.2792347;235.1724378;228.0806201;229.5665713;;
JOR;Jordan;78.08057751;79.01661986;77.45427742;83.32056832;79.6620703;78.18860458;81.53333542;74.20546017;71.71666044;64.50728626;58.9863004;64.63013538;86.82020124;113.3299753;111.2710501;129.6173602;104.5004533;;
KWT;Kuwait;144.4276299;150.3703802;156.4332512;165.914387;165.4670163;169.5739785;195.4665031;198.7930137;193.3181804;197.559954;220.5316868;195.0103105;188.7609203;179.6499804;197.3505762;182.7414802;192.3700495;;
LBN;Lebanon;105.8804962;95.2280854;90.94685488;93.21129438;94.22246405;91.41593944;89.96745035;87.82193193;83.22046347;95.50130648;101.138643;117.5432575;124.2515669;141.8503906;155.6751281;141.7114493;142.6752768;;
OMN;Oman;65.82488858;68.0877332;71.08174379;75.22477981;77.48532996;78.51026027;65.2239184;86.96355737;103.9618085;96.45609169;97.06239718;105.2945402;123.8073095;141.6438614;149.0368997;157.3484304;168.7954581;;
QAT;Qatar;56.66627729;57.07988404;57.50900273;76.90630959;77.41687016;80.63237931;87.43555516;98.00983863;111.6343056;123.1526226;133.0155868;137.0907334;125.9150913;151.2702067;158.241901;179.3387531;185.5442527;;
SAU;Saudi Arabia;1326.832738;1333.104406;1253.244976;1261.72797;1286.83417;1343.518303;1392.579792;1451.244936;1492.314983;1573.632179;1638.021411;1710.61998;1878.729402;1992.20342;1978.032064;2176.073471;2230.755344;;
SYR;Syrian Arab Republic;177.6539837;177.0029738;170.733478;178.6320859;181.2411869;193.8351195;240.8334697;245.741056;254.9754735;251.632015;214.8017156;194.4286501;181.7180123;142.9063766;102.9392909;90.26250875;88.73962628;;
YEM;Yemen;80.31627253;84.21461564;91.18430732;88.25198172;102.9077172;107.8443382;116.2024227;113.2124922;113.0628589;114.8111857;135.421722;121.240561;104.7191036;98.87989802;120.2273911;105.0062927;55.90833921;;
AFG;Afghanistan;11.6353629;10.84853451;10.25959691;11.36259404;11.32798025;11.53136404;14.48901725;15.11101872;15.32812935;24.34485827;37.18848416;46.81640871;59.60555167;82.09711125;133.7301403;87.97043164;83.28825968;;
BGD;Bangladesh;151.0667534;158.1178279;180.134878;188.7711522;190.5936116;216.2988926;237.056256;256.5053447;277.2815323;310.7530771;330.7566565;368.7963223;404.184678;426.7786903;439.9973469;469.0280925;518.9865336;;
BTN;Bhutan;4.385411094;4.298734264;4.287338711;4.475138215;4.322383015;4.11203874;5.031583184;5.040283612;5.106702005;5.924713771;7.181651988;7.660855795;8.950115102;11.14859254;8.511017953;7.553371141;6.99430307;;
IND;India;4838.149038;5108.641575;5121.044802;5238.271049;5307.113374;5709.274332;5944.773629;6190.349432;6946.002375;7403.116723;7750.867603;8172.160937;8717.6102;9205.6429;9374.167651;10018.62825;10419.78416;;
LKA;Sri Lanka;98.90376901;124.6763487;122.5296;126.5798545;140.8390762;151.7873419;162.2077867;139.3473007;155.3965672;148.023009;144.7675611;153.8256442;176.7029384;189.7133008;154.3327325;177.9427252;178.1875138;;
MDV;Maldives;1.959433535;3.563196166;4.011654045;7.397138787;8.8061906;6.566019999;5.509011383;6.659046795;7.25358981;7.695823888;8.899637277;9.62467157;12.69054649;17.34962534;14.88103176;9.973801865;9.576112875;;
NPL;Nepal;50.80239576;52.32336211;53.26121529;49.72774324;51.54644305;51.92670741;55.32166208;52.73543378;54.64012544;59.91931716;64.73131071;70.25662351;72.32591616;77.59149449;80.43867554;88.33564277;87.21582454;;
PAK;Pakistan;759.1302815;739.5224175;753.0232053;774.4624178;758.2883209;838.7447295;819.4574261;891.8868161;991.6028298;974.3747548;996.4739285;981.0344521;1012.436831;1030.403791;1090.191779;1138.951254;1165.532612;;
KOR;Korea, Republic of;1545.023762;1784.4968;1818.661216;1833.120025;1557.443991;1615.151721;1496.901198;1498.138753;1532.495823;1462.417765;1427.958963;1483.630291;1453.249417;1480.116118;1500.792381;1509.811552;1606.672089;;
PRK;Korea, Democratic People's Republic of;216.8146151;242.2966679;248.8389158;239.1852729;243.872408;249.6694313;257.3835325;257.6444512;219.1369444;241.3263446;187.2822104;176.0979988;131.1299254;135.2534698;102.4723141;111.7928911;93.07235485;;
CHN;China;12780.96555;14082.40901;14287.52158;15171.74105;17207.56239;19701.5423;21353.60744;23080.71318;24337.36959;23871.02418;24302.87361;25087.63817;26295.18169;26511.98384;27117.41209;26837.29225;26365.37014;;
HKG;Hong Kong;295.3084798;246.2912505;232.6008892;208.495341;219.1433399;186.3836744;195.4875218;191.9476319;197.9293184;189.8081712;213.3923088;189.4537359;205.6963234;201.9000628;207.9357987;215.6004774;200.0616548;;
MAC;Macao;5.213108794;6.24037762;6.505261958;6.310591529;6.409131472;8.527410451;7.06707752;7.713369016;5.70421797;5.525972342;5.459744723;4.753223707;7.38481813;9.721055449;5.178753789;4.343071534;4.776654515;;
MNG;Mongolia;38.1220478;41.06046963;39.22711308;41.56782911;39.00161883;43.98782349;47.39052932;58.40475767;63.55101991;65.10046173;62.82553273;61.11841487;71.73853039;80.58929872;82.83451339;86.87962832;86.46987538;;
TWN;Taiwan_Province of China;804.0886035;855.3621635;867.361066;942.4807974;881.423374;923.6792329;957.4218477;960.3079845;935.1652296;860.9156647;796.7257712;836.9135179;831.971719;794.8087494;801.2256689;803.7177125;824.7079822;;
BRN;Brunei Darussalam;14.96445074;15.22162651;15.12344801;15.2145068;16.29364949;16.08852069;15.14707829;21.58655472;21.09768892;21.47673688;17.97634088;15.49825239;16.07299521;16.82029781;16.02947598;16.15784954;15.0438202;;
KHM;Cambodia;48.05428677;48.35412709;51.98887772;53.54178564;57.54431577;56.68488778;64.93028084;70.12783273;78.53031041;80.24694508;86.60150737;87.62598959;92.48131126;94.56800844;91.92290788;92.89270457;99.34042503;;
LAO;Lao People's Democratic Republic;13.74187873;15.57721521;16.25324693;17.35329138;17.77887537;19.06867323;19.01086489;18.85865848;19.86563967;20.84048837;22.03157391;22.42762185;24.92438501;26.94202632;29.06788978;27.91952724;28.76933526;;
MMR;Myanmar;111.4752098;119.9590871;114.3595875;120.1706005;131.0237188;133.3816359;140.9174826;139.9289696;144.3550277;128.9922919;127.3286371;132.5220575;129.871588;140.0584388;148.752371;168.3122637;180.5026041;;
MYS;Malaysia;481.9121562;501.3390977;523.885187;554.1798287;536.5372667;550.8489434;544.5406758;532.8729335;565.1034249;576.7067113;535.3507468;592.7376491;626.8187009;624.0185513;669.0082946;718.9538202;698.8293862;;
PHL;Philippines;636.40099;557.017644;600.528842;553.1978597;542.5280766;564.7568525;533.8451669;485.9953962;486.3393701;499.3561298;499.6362575;528.0181337;509.2622684;528.5227507;574.669018;606.1051854;664.9331537;;
SGP;Singapore;163.8563092;176.8587878;171.5537627;159.2161642;138.0279619;136.3229572;126.0802785;121.2764194;122.7315312;118.2401798;136.5685448;147.2185429;154.4347742;144.8440148;141.4349508;134.8672811;130.4007852;;
THA;Thailand;718.0059114;691.8009646;694.1076603;726.424117;764.1937771;818.145108;847.7305891;837.3981755;824.343956;834.0555883;850.5692581;902.5319881;926.5531897;985.500942;1020.256578;1010.207526;1017.021783;;
TLS;Timor-Leste;1.335043238;1.646692187;1.843509874;1.835038852;1.897032876;2.002796943;2.077214468;2.477680453;3.374694699;2.444742941;2.475880998;2.507563089;2.975330687;3.897987747;4.284782975;3.16763992;3.016612352;;
VNM;Viet Nam;387.3606953;410.459759;432.5716724;474.6808686;490.4290228;559.1790944;572.6428371;575.1480124;640.7343741;704.1178039;768.7947167;834.809096;834.9810815;826.4798826;847.4884495;916.7835086;1006.533122;;
IDN;Indonesia;1513.435612;1531.42262;1594.555606;1631.276326;1770.638234;1778.114917;1815.876064;1876.935782;2028.150932;1994.103344;2035.999922;2056.757688;2096.288286;2137.078788;2171.031362;2353.719898;2398.796741;;
PNG;Papua New Guinea;17.19069673;20.06691943;22.4171117;29.9127079;33.8927659;36.69343995;37.78579128;34.64389188;32.1562523;25.53694452;23.71917227;23.83879216;28.60756813;31.47919629;35.90859675;34.31317954;32.35075033;;
JPN;Japan;2932.147774;2858.218815;2777.837632;2804.450807;2752.76162;2679.04253;2648.349161;2554.242341;2595.177638;2398.085841;2174.389458;2252.862109;2350.560598;2394.831441;2370.288901;2263.269472;2211.169829;;
ASM;American Samoa;0.002999593;0.003028496;0.003057447;0.003076741;0.003264463;0.003049903;0.003042964;0.00307146;0.003094991;0.003085524;0.003092845;0.003091353;0.003093145;0.003080476;0.003086705;0.003095127;0.003112579;;
AUS;Australia;1363.879687;1307.929056;1316.045876;1316.242068;1231.627874;1278.203668;1267.766343;1271.071676;1271.833128;1306.907389;1324.29904;1328.989169;1337.742503;1341.153458;1356.614549;1328.396205;1379.001326;;
COK;Cook Islands;0.247450667;0.36311701;0.410694296;0.407945909;0.41455549;0.454651998;0.567227992;0.494990698;0.447907986;0.443647261;0.412057254;0.413712751;0.520657002;0.580947812;0.321750982;0.325856803;0.306197944;;
FJI;Fiji;12.99716291;15.15141256;16.62269787;19.26001987;22.57255802;26.77758026;26.23999408;24.61604376;21.40336268;17.94130923;11.44246748;10.88670857;13.46910165;14.40193167;13.56982136;13.81041833;13.06847811;;
FSM;Micronesia, Federated States of;0.01943658;0.019562267;0.019525201;0.019614882;0.019644842;0.019621736;0.01961943;0.013560239;0.014027413;0.01386905;0.013931825;0.013844315;0.014441315;0.014338328;0.014800406;0.014695251;0.014917913;;
GUM;Guam;0.005269591;0.005377098;0.00509823;0.005262996;0.005439913;0.005614936;0.005664951;0.005665207;0.005860627;0.005794225;0.005800444;0.005704484;0.005777611;0.006896599;0.006944215;0.006998996;0.0069274;;
KIR;Kiribati;0.152423161;0.209059576;0.264946941;0.260593185;0.262528883;0.288337884;0.396848923;0.346318249;0.353515789;0.334067869;0.470095386;0.471592966;0.562668116;0.620466502;0.39928621;0.406079071;0.30235479;;
NCL;New Caledonia;7.858179668;10.38133097;11.18615809;12.81324836;13.27328741;16.19439137;15.91340737;16.55388902;17.02691197;17.56608655;16.55492679;21.60617862;27.30829038;26.86438797;22.37315271;23.03953792;21.54246068;;
NFK;Norfolk Island;;;;;;;;;;;;;;;;;;;
NIU;Niue;0.000769347;0.000772233;0.000826702;0.000829;0.000826082;0.000826011;0.000849682;0.000852409;0.00087954;0.000875978;0.00088296;0.000890454;0.000896594;0.000902044;0.000909126;0.000920197;0.000924645;;
NRU;Nauru;0.000684132;0.000688316;0.000686408;0.000687728;0.00068879;0.000687165;0.000687165;0.000687165;0.000709269;0.000731375;0.000731375;0.000732194;0.000732208;0.000732223;0.000732238;0.000732253;0.00073231;;
NZL;New Zealand;134.7215432;134.9559593;135.1488651;134.4262768;136.8614529;130.9613967;128.426285;125.7536275;122.5484219;122.4294323;112.9923556;110.8853817;109.6480711;113.5324073;116.0484337;118.3036525;118.7604532;;
PLW;Palau;16.59243315;17.16073267;20.55486305;13.44999317;16.72274659;14.47198717;16.54007254;15.05559666;12.33351059;10.85794167;16.11268611;14.56244955;16.3681379;19.44281964;9.065790115;9.562812867;9.01065765;;
PYF;French Polynesia;4.596341722;5.636579929;6.449877493;6.315518438;7.62673284;8.40456196;9.285706025;8.679135726;8.256408867;8.622265715;7.829666884;7.853479113;9.418300811;10.3880893;5.361982231;5.134767526;5.103902971;;
SLB;Solomon Islands;1.020680166;1.788868184;2.034605107;1.994896913;2.00890066;2.204180702;2.247051055;1.95659888;1.868589178;1.825258759;1.664578781;1.670814417;1.991738067;2.188168797;1.262564395;1.261535093;1.24242921;;
TKL;Tokelau;0.000481268;0.000482921;0.000472653;0.000463443;0.000463825;0.000453509;0.000453522;0.000443506;0.000443519;0.000433501;0.000433513;0.000433588;0.000433647;0.00043373;0.00043373;0.000434092;0.000424032;;
TON;Tonga;0.749798954;0.925537436;1.048029086;1.04251449;1.059754553;1.159361016;1.186849551;1.017412206;1.417228742;1.349585498;1.253809736;1.258885839;1.579835279;1.761302421;0.983673793;0.917220538;0.910389251;;
TUV;Tuvalu;0.003384543;0.003397142;0.003391356;0.003528555;0.003532638;0.003526599;0.003518718;0.003518755;0.003540895;0.003588804;0.003663738;0.003651964;0.00367688;0.003701906;0.003726929;0.003751964;0.003776878;;
VUT;Vanuatu;0.527825747;0.638542824;0.693638959;0.691651767;0.704987376;0.756995263;0.77311019;0.691486554;1.141970711;0.667378548;1.028904227;1.036283101;1.262342792;1.385194287;0.87037737;0.818913188;0.81523473;;
WLF;Wallis and Futuna;0.009734069;0.009911288;0.00984824;0.009989403;0.010047748;0.010015361;0.010013599;0.010048919;0.010098172;0.010073114;0.010066284;0.010045436;0.010033264;0.009978386;0.010056899;0.010039733;0.010040293;;
WSM;Samoa;0.841526212;1.016535084;1.146269272;1.140820658;1.158561934;1.258794897;1.286380114;1.120716792;1.057825443;1.011151381;0.944376672;0.955368823;1.135026167;1.25647807;1.052993927;1.104712085;1.057817324;;
SEA;Int. Shipping;11495.18592;11783.88236;11207.43444;11624.65181;11863.26642;13022.10271;13504.59487;14370.34383;15219.01403;15265.65227;14534.55613;15646.74869;15754.91423;14258.15915;14406.2116;14836.88722;15565.86843;;
AIR;Int. Aviation;1496.72526;1554.261375;1520.159795;1611.355064;1607.145016;1734.61058;1846.654093;1912.057101;1969.019331;1993.004976;1900.350966;1999.018588;2067.288846;2096.794877;2141.03876;2203.538562;2313.628807;;
