ISO_3DIGIT;country;Y_1999;Y_2000;Y_2001;Y_2002;Y_2003;Y_2004;Y_2005;Y_2006;Y_2007;Y_2008;Y_2009;Y_2010;Y_2011;Y_2012;Y_2013;Y_2014;Y_2015;Y_2016;Y_2017;Y_2018
ABW;Aruba;5.734273862;6.551858329;6.671456074;6.735005305;8.172594628;8.727494034;8.870228743;8.510338472;8.563916428;8.293094646;8.783765092;9.473142677;7.391467938;9.798981279;9.684692334;9.397830786;9.685250734;9.176848325;6.049340252;5.874513331
AFG;Afghanistan;6.666917478;4.987857835;6.219715922;5.795080417;8.040600684;7.432438489;10.03831015;11.22706518;17.83799069;30.26288743;41.13877505;48.54083484;71.62893425;60.60972906;53.36439535;50.20316107;45.39853903;36.16744378;49.4817053;50.83178771
AGO;Angola;19.97342945;21.49540365;24.16086128;24.49756951;33.67654899;25.171522;23.3288743;28.9341184;31.74636296;40.16162313;54.00133584;57.45756491;57.50397157;66.50175461;90.28678945;112.3297701;113.0087264;117.2899789;91.36957946;90.75358864
AIA;Anguilla;0.019544179;0.02097765;0.020477415;0.019034765;0.019623349;0.021120231;0.01732766;0.016924309;0.01745206;0.017488364;0.017369826;0.017625472;0.020287025;0.02037502;0.021873206;0.021798143;0.021870765;0.022731758;0.023588304;0.022899387
AIR;Int. Aviation;119.5209368;124.0210799;121.5334283;128.5441609;127.9604381;138.0918996;147.0132337;152.3896559;156.6057134;159.1865307;151.6152421;160.0272755;165.9670172;167.2762171;170.1262589;175.8110959;185.533559;193.7169782;204.5852004;213.1693843
ALB;Albania;12.97450462;14.17218304;14.54108097;16.01413649;14.21946595;13.61646679;11.68525149;13.72214314;12.20799428;9.709045849;6.761085602;8.735177693;9.579617817;6.631097032;6.689940646;8.863188628;7.44610139;7.327152315;11.18535725;12.83248989
ANT;Netherlands Antilles;38.5513451;39.18048677;38.28592364;41.28468396;42.79063194;42.18633747;43.60146439;43.42910621;47.06906149;46.37859694;45.57373589;34.02519426;41.03173317;30.64278765;30.22536188;31.17279576;30.65723984;28.21475229;24.30879836;20.88898212
ARE;United Arab Emirates;66.86712858;65.13548999;62.80114158;60.56664194;61.2133816;64.13140693;63.3513654;68.70122514;66.83770896;75.91744758;74.78697467;87.70162854;86.06113209;114.0055374;127.2684006;138.1195493;135.4232177;142.9338528;147.1256994;135.5376974
ARG;Argentina;264.3131599;239.5437523;204.6389115;168.7036211;182.2271697;269.0152319;273.4015688;320.2099034;345.4486056;413.8527545;394.9955446;413.4776665;438.9125401;460.4747854;415.9628222;451.8422483;488.2936517;452.6142791;319.3862383;307.1923244
ARM;Armenia;4.730397414;0.860265007;0.759865011;1.16517834;1.413856037;0.886481041;0.869754974;0.891802731;0.96592039;0.959737655;0.851210144;0.912457478;0.8911568;0.941577894;0.882024965;0.865781298;0.595892299;0.963953542;0.906104592;0.882651752
ASM;American Samoa;1.2482E-05;1.34828E-05;1.59782E-05;1.66714E-05;2.96574E-05;1.51964E-05;1.48878E-05;1.48801E-05;1.58018E-05;1.56607E-05;1.58867E-05;1.60619E-05;1.61831E-05;1.52519E-05;1.56779E-05;1.71892E-05;1.82961E-05;1.78099E-05;1.81979E-05;1.85352E-05
ATG;Antigua and Barbuda;3.088417744;3.149491526;3.135893501;3.272289656;3.714430169;4.010360639;3.764479422;3.737155675;3.848742931;3.968188943;4.568306809;5.161712904;5.288746697;5.795674203;6.144619904;5.940943463;6.001724844;5.862704547;3.833945896;3.723144942
AUS;Australia;844.324435;867.8565452;922.8000074;926.5394212;949.8012295;971.7962495;988.2140528;978.3239284;1003.665763;1037.280191;1047.663009;967.8492032;980.1802839;963.5058906;971.2088645;941.6934135;937.4459274;945.8675687;913.3049599;903.4645343
AUT;Austria;78.72641032;71.20025994;74.16847281;64.12575177;64.92405179;66.13689247;64.59109059;63.70257525;59.24418395;59.52616984;52.68053602;56.43765506;55.33740144;51.49685115;51.59875525;50.22559188;46.68264737;48.98764164;49.01647596;48.81793289
AZE;Azerbaijan;293.3500433;303.0401404;146.9177193;133.7119278;166.9767161;119.6215549;139.9989261;106.0894335;91.61097391;48.01878259;20.88774307;8.070095554;16.29683063;18.10494522;9.714427793;8.917474341;36.57859498;54.93328173;32.94685597;31.35559827
BDI;Burundi;3.39827006;3.479453949;4.208059372;4.172495789;4.047076326;4.306126288;4.137055092;4.385364811;5.090047656;4.563048232;4.626675366;4.832706898;5.084004505;3.508413087;3.736214397;3.487524523;4.067270977;4.488164409;3.616082046;3.665007355
BEL;Belgium;160.0572069;154.2836626;163.0138223;117.1001022;120.7738901;106.442366;98.41268343;85.31593586;77.93786117;77.38480014;67.44345392;70.32728656;61.61326368;58.70018992;63.67501679;61.14167226;62.26428855;59.18843241;55.63757524;55.32908902
BEN;Benin;5.111585527;4.831022284;5.956556202;6.477771328;6.583516496;7.23756582;7.705961817;8.704880475;9.232015736;9.312248913;9.187760473;8.927200555;8.040426341;6.456705938;6.67717645;7.453228386;8.032068231;9.290477599;8.456519627;9.003740269
BFA;Burkina Faso;6.986284444;7.313950638;8.263187255;7.840297491;8.583364746;8.590225249;9.568916124;9.826174899;11.97076528;13.39094607;12.9779027;13.68737774;14.99895843;16.45821636;18.11513527;17.24755359;20.74291814;18.44082791;20.84012814;21.64863041
BGD;Bangladesh;66.74805252;68.16171386;78.58531978;80.88113539;82.2322404;95.27907036;98.14690853;100.6968312;99.54073284;102.9056664;93.92981503;99.56085728;136.8645479;173.6017173;192.8253577;208.9765476;228.1468778;190.1967826;219.5074657;250.6155817
BGR;Bulgaria;444.3913313;439.3464074;498.0946124;457.5554275;501.5849612;495.4223182;494.2680823;500.5234033;563.0279462;555.3810579;504.5563721;535.4256498;615.7779819;535.1686349;471.770617;498.1215516;536.2572286;476.7734193;514.7679182;454.9002901
BHR;Bahrain;4.085701935;3.98719362;4.090108399;4.106267238;4.22740899;4.310566189;5.492006343;20.56261552;13.21063268;6.320549029;5.975059088;5.991484384;6.206097614;6.27936138;6.695941365;6.795726193;7.106384916;6.925881049;7.000400806;7.216639869
BHS;Bahamas;20.85222459;23.63061645;23.71590172;23.96650892;18.20725624;20.58830072;18.63091071;20.80353325;23.39808677;23.54174923;19.06347407;23.73825768;21.14250286;25.98579084;25.01252901;23.56466719;22.62532223;22.82642556;15.17150985;14.73368356
BIH;Bosnia and Herzegovina;98.77469976;120.5907933;119.2085597;130.7928555;134.4632802;133.9701308;138.6848277;155.5176878;162.727062;175.710591;173.1035509;171.9443732;203.6099461;187.8125635;191.7262786;157.8922535;157.1115406;180.9610002;184.9555794;186.2200829
BLR;Belarus;226.6141814;179.1494905;167.8285902;147.4698258;129.1492443;125.3935533;105.2347842;114.3421852;73.70550907;83.20261724;193.7434323;90.98927602;62.77890371;78.52949254;66.03758488;68.99034314;66.54936142;74.07170908;64.53983711;65.21570032
BLZ;Belize;3.086621935;3.203730535;3.230921715;3.038040938;3.322524471;3.16271358;3.189773216;3.298077928;2.916257671;2.698480744;3.192141086;4.139891184;3.755751522;4.266131438;4.481861574;4.199654511;4.834974777;4.691230107;3.289074569;3.138990659
BMU;Bermuda;3.780051979;3.869719106;3.859836401;3.989974982;4.26068772;4.51269075;4.41279812;4.748872746;5.328013129;5.20951054;4.49237736;6.142009481;4.148120973;4.650174168;4.78990692;5.887247142;4.987863098;6.039640499;4.180037077;4.066455091
BOL;Bolivia;10.40046966;10.903147;10.63402063;10.73660998;11.04181635;13.06111042;11.83132685;13.61023818;13.81464743;15.55922368;15.35937793;17.49942662;18.76696957;28.19202751;21.06991046;24.81240932;18.33415323;24.01877982;38.79031666;40.16462087
BRA;Brazil;1418.954432;1395.074268;1365.860969;1256.399562;1202.555913;1234.712215;1205.048712;1236.98861;1333.449435;1363.814738;1250.012515;1393.827194;1404.23441;1488.445981;1643.595123;1794.04016;1704.629716;1449.190776;1447.040592;1393.325904
BRB;Barbados;9.578854012;9.834228786;9.761559495;9.646968282;10.57568047;10.70245617;10.19189958;9.818276036;9.256203874;11.27780321;11.45984961;13.05308703;13.75225474;13.64822757;14.27083042;12.0111294;12.65568577;12.35085866;8.246581514;8.020418264
BRN;Brunei Darussalam;2.143122245;1.7981309;1.581200288;1.649346185;1.696729745;1.565259839;1.455696204;1.994605092;1.996239311;3.916084872;4.319918147;3.425585789;4.059781524;4.56812021;3.881548759;3.559171303;4.080155499;4.29974421;4.419848698;4.494990792
BTN;Bhutan;3.366902335;3.276521332;3.622943567;4.145292846;3.872843937;3.342225036;4.807884642;4.665091708;3.707279763;4.407655495;4.320887415;5.086019003;4.928668511;5.555433819;5.242738658;5.549814753;5.42503143;5.413768456;4.76145847;4.857351129
BWA;Botswana;25.60220576;25.297928;22.47345653;23.99590344;22.71705727;22.32579153;24.81124257;21.39431356;22.42819737;20.43267237;18.7152861;11.20793213;16.41090347;26.79520929;29.91590385;44.66267496;44.62439843;42.84840722;49.61626483;51.77044237
CAF;Central African Republic;2.043733065;2.37001231;2.521345185;2.443081043;2.468098449;2.460155857;2.41128546;2.439649072;2.423622704;2.592906167;2.538014495;2.570559905;2.74254166;2.787237602;2.696991256;2.686127081;2.713019795;2.673957657;2.67985963;2.771192921
CAN;Canada;1392.06018;1445.496022;1423.48981;1368.190423;1376.544024;1340.100438;1343.668437;1275.666023;1342.356868;1229.635517;1090.874222;1123.009216;1064.274407;1020.081927;1017.872175;997.6188099;1012.863038;971.1150138;932.6317443;868.8136968
CHE;Switzerland;47.9613279;37.30367502;42.44784567;36.86704171;38.23411432;37.84199359;36.19622033;36.82520328;34.79804698;34.60737553;33.51489684;33.95345698;29.95874363;30.92255103;31.0274307;29.03471207;27.90599093;28.4219908;27.49134108;26.83967397
CHL;Chile;484.542475;383.0527191;319.3510953;299.4146121;274.7902454;334.2349158;371.2235454;422.9008711;521.7055112;565.3188716;529.0750032;546.3879951;587.0708456;638.4487815;689.1879029;657.8180613;708.4067717;734.3310124;718.2714124;702.1666728
CHN;China;20893.57214;21110.5542;21582.42767;21972.69989;23079.07966;25876.13326;28630.57281;30815.74908;31571.47852;31304.5189;31736.15751;33010.42608;33972.89418;33938.06149;33588.66038;32914.374;31885.00191;30161.36323;29189.97166;29724.13799
CIV;Cote d'Ivoire;26.21509103;23.51592605;23.22618821;21.47790642;15.31505164;18.66154467;19.52791313;15.63717163;14.22791755;17.48190404;15.78675403;18.65169511;16.86070265;29.42043968;25.19317508;32.5218787;29.9537663;21.54955396;23.34670863;23.63322818
CMR;Cameroon;10.09454154;10.72111507;10.57964732;11.23415792;11.79955478;12.03041276;13.14597657;15.94729784;17.78161414;17.75969932;21.04842915;21.9471812;20.47035574;19.49947113;20.66964146;22.34769002;22.74338238;23.34037178;23.88136788;23.73603376
COD;Congo_the Democratic Republic of the;28.09566766;24.64892434;24.9974601;25.63688004;27.03221777;28.01447076;29.1081333;30.07267842;30.65237152;32.75824516;33.72030075;33.95514907;34.32542857;31.16912348;37.27049879;43.58477737;38.47873377;37.03337071;42.21365923;41.97766872
COG;Congo;0.881562071;0.666512375;0.793806643;0.751788074;1.105741199;0.764153931;0.881975441;1.369837687;1.080997588;1.403047991;1.820186479;1.585756114;2.148739912;2.722963636;2.575968451;2.43200386;5.666903432;4.827314643;4.120646358;4.12899638
COK;Cook Islands;0.297585808;0.396102826;0.426314026;0.244513523;0.227875236;0.368888129;0.584436733;0.56154555;0.440825057;0.392813188;0.313999778;0.358292953;0.39216205;0.410581716;0.437614422;0.497529155;0.465731888;0.498295288;0.317062211;0.326209979
COL;Colombia;151.7197191;152.6802956;145.3796673;146.6558504;144.4537428;124.06987;127.1269959;124.8524585;129.6597381;125.5674623;144.4485214;146.7677471;146.7340852;140.1023517;192.7727615;197.660642;193.1892296;248.8640144;180.0774595;187.7645618
COM;Comoros;0.351929878;0.523712745;0.564122594;0.559545379;0.696345053;0.752050115;0.684690988;0.798953117;0.547493438;0.580733658;0.70299985;0.822169791;0.761509848;0.767517858;0.875105292;0.793031413;0.856202042;1.011758079;1.349391852;1.411872487
CPV;Cape Verde;0.563483885;1.541488388;1.79811523;1.90761013;1.91601327;2.071355813;2.975747936;3.242551863;3.534056682;3.647730603;3.526083531;3.784449329;4.482973623;3.674138524;3.378547084;3.647385748;3.650516524;3.935917705;3.957647426;4.156629404
CRI;Costa Rica;15.22478383;16.00590737;17.66651706;15.02748575;17.17605817;18.38010285;16.37632766;20.62925642;24.65376004;22.7050181;19.21560427;20.77373295;25.09491735;25.8129213;29.8453011;28.52316694;16.32918035;18.23992216;16.66245683;13.71859527
CUB;Cuba;375.4615476;380.4056825;354.5035054;394.6435183;380.1449027;366.4702636;366.0046827;353.6586153;359.3736053;359.6663644;363.7987172;421.5632772;399.4861784;405.4435552;378.8532795;392.8512948;366.7203821;350.1461867;328.9524636;322.7504575
CYM;Cayman Islands;2.067462725;2.887902952;2.898274838;2.916190775;3.222088752;3.136700106;3.036187321;2.963935346;3.471246141;3.645191287;3.680358533;4.427684532;4.740797597;4.623686219;4.79202459;4.609584036;4.901790884;4.65404605;3.374808039;3.277267019
CYP;Cyprus;37.27175297;38.26548041;36.01492986;36.18809622;39.92335692;37.38565327;34.40191407;32.96769019;32.77446718;32.11321212;29.3095102;26.63418765;25.63300677;22.85011591;18.88278142;20.30436786;20.73696434;22.17801537;22.1600822;22.19616356
CZE;Czech Republic;491.5884801;538.5100075;286.1939384;270.4126897;274.5181132;272.9428928;251.8033574;239.9765143;223.7589873;208.5516106;198.9074116;218.944263;215.6172427;209.4325743;196.000634;190.2511592;188.387229;185.7847614;188.2183333;186.7089393
DEU;Germany;1045.289847;878.8694019;774.8096068;669.7847414;609.816824;568.6717672;558.5579534;553.572786;538.0401013;531.3845537;496.5169087;511.5891124;494.2482684;497.24548;508.8944673;484.0675988;487.3742809;473.198953;447.8657431;434.7274124
DJI;Djibouti;6.657128005;3.777377931;3.953620196;3.924901031;4.151760388;4.04891396;3.608579341;3.44612036;3.49730158;4.023197736;3.574397991;4.049239793;3.152349934;3.901924139;3.801151225;3.873798926;3.451379334;3.230868675;4.028331519;4.227911667
DMA;Dominica;0.525711977;0.611867386;0.673666131;0.604413201;0.754212958;0.917267697;0.849438905;0.814483368;1.006685039;0.928781745;1.00452242;1.259286327;1.236977425;1.301348708;1.292367207;1.32125451;1.409262336;1.366453693;1.179535078;1.145466983
DNK;Denmark;70.62721705;62.47883793;62.28609532;60.75444168;53.41029019;43.65050726;39.99396925;42.98497148;36.62300164;34.90470084;32.74972544;30.42769994;26.59024542;24.34136276;24.53185834;20.53253485;20.15472032;21.77438647;21.01878923;21.1181133
DOM;Dominican Republic;157.9138895;172.0898216;189.1968974;200.2381616;159.1236493;141.676629;159.3096942;165.2023902;163.2821723;164.0107471;144.3549555;147.7942288;147.1661218;142.1150503;143.4190574;157.3026382;173.5684397;180.542738;158.4986524;172.3628594
DZA;Algeria;61.99356914;58.85207852;58.87543295;71.54457836;61.35096036;64.93435794;60.1096728;62.16310324;65.16532124;66.54428814;70.33380075;69.72977704;71.90820741;64.35862305;61.68173482;62.44203752;67.48665054;64.81340283;59.4197306;61.4235403
ECU;Ecuador;112.9825017;117.1531858;127.400252;128.5347599;120.6068113;141.9464613;156.9139674;170.2669857;186.5193159;184.924723;211.4314997;224.2477459;230.8331951;242.0090523;254.7258948;276.6552431;258.0576921;226.0139183;183.965143;193.1903696
EGY;Egypt;542.8023258;453.2662943;413.0673329;426.7130969;388.1016726;583.7247525;563.9955474;592.1512112;593.3172862;676.6516444;717.4771847;688.5736481;623.9544027;723.5201748;836.691413;925.9462415;947.0432965;814.37909;731.7591202;720.4624058
ERI;Eritrea;5.208633373;5.147632523;5.575297174;5.57029145;5.906344674;5.98962373;5.788598821;5.442557428;5.619950743;4.997718886;5.331136499;5.536888731;5.928084999;6.234098578;6.462340626;6.62773764;6.794362104;6.902898587;7.238958543;8.011431168
ESH;Western Sahara;0.929158008;1.20155762;1.265902122;1.217278423;1.281083708;1.275298964;1.192022834;1.183472467;1.144594283;1.210105292;1.185405957;1.17708617;1.221795078;1.177035908;1.111776565;1.111350525;1.11771083;1.110510078;0.993487201;1.04428793
ESP;Spain;774.2445597;763.2363199;761.2217047;782.2423453;740.6548167;730.6845494;704.5224389;641.3792091;623.6663085;495.2163022;435.9213666;401.6452522;418.6362045;414.5920628;357.8713888;326.0131496;364.1024664;340.4000526;375.1595199;363.9657793
EST;Estonia;135.8336303;127.4933787;125.7775709;122.0396764;144.4840829;143.8976032;144.0593667;127.3814428;168.8529572;152.4951931;124.8898736;167.8390032;156.6211658;140.7285106;169.2100623;154.8473323;129.5943582;132.7122116;138.1056316;135.5989339
ETH;Ethiopia;42.11979052;43.80217239;47.65908141;48.80453835;50.96524864;52.94744532;52.87177014;54.82821941;59.0825839;65.86646716;67.7412975;63.20216013;69.25126603;70.94912059;77.13455184;86.55887199;84.86439162;92.17266534;97.42919102;100.5712151
FIN;Finland;218.1594947;233.8676243;243.2867502;219.2426803;229.0502689;218.6386606;179.5121288;208.1116654;208.7636898;188.3740565;160.6476631;187.4024795;179.1509501;169.0053996;168.8911639;172.1055922;171.9724436;177.4924386;180.2158057;188.3623127
FJI;Fiji;11.3195333;12.47920594;13.72121785;12.09646952;14.05807736;17.92024057;15.04287384;15.20066797;12.5743219;6.730082991;6.146828161;5.574888467;11.12905437;6.104545317;8.212462601;11.35879254;14.36590205;13.97899977;14.82247962;15.15919892
FLK;Falkland Islands (Malvinas);0.108044694;0.155398046;0.170865673;0.184087988;0.220470907;0.242613999;0.231844939;0.257637048;0.251090935;0.260493664;0.279705166;0.307786151;0.29925284;0.318152404;0.327327859;0.314780976;0.330947082;0.330728809;0.21552049;0.209294231
FRA;France;696.3934332;603.5042485;535.7571797;517.6468705;445.3763889;415.9902918;397.5210851;365.3245802;347.718866;328.1563689;305.8351155;296.6728815;296.2326011;286.1011428;281.1619276;242.0524098;234.807914;233.4974746;241.4384601;241.7557459
FRO;Faroe Islands;0.005630367;0.005382695;0.005079979;0.004761833;0.004435227;0.004118762;0.003801106;0.003821104;0.00384507;0.00386909;0.003893091;0.003917074;0.003941126;0.003965164;0.003965257;0.003965332;0.003965133;0.003965132;0.003993118;0.004025103
FSM;Micronesia, Federated States of;0.000113497;0.000113685;0.000113851;0.00011392;0.000113916;0.000113784;0.000113561;0.000113291;0.000120381;0.000111727;0.000110282;0.000108551;0.000106754;9.78648E-05;0.000105414;0.000104622;0.000103035;0.000101668;0.000100835;9.87661E-05
GAB;Gabon;8.592466393;10.05802262;9.229239749;8.583678714;10.01645698;10.92126391;14.4106195;15.1491682;15.56679263;16.34997829;16.21559698;17.6113683;17.06818418;17.04762351;21.16789982;20.19522982;19.97081057;19.99011906;19.95306328;20.07188022
GBR;United Kingdom;858.2506958;834.442679;821.9410566;521.4964501;533.9893169;506.3249044;506.9278511;526.0192636;489.4278173;451.8954105;396.0274265;393.0826948;375.8781367;419.4016394;390.74365;343.4785487;333.3603871;273.908424;260.254869;247.5618472
GEO;Georgia;12.90488124;11.90991993;3.965299836;3.452627573;4.029182865;3.735718917;4.360751468;2.936752733;4.452730842;5.761498666;8.784701652;4.936914517;3.996609975;4.668419201;10.76209982;10.40701624;10.48495521;10.00777298;10.8710474;11.03797541
GHA;Ghana;43.31967878;28.44257145;36.93680176;59.40062884;53.79768612;29.00079415;39.77842712;70.75295543;75.37362369;59.24726744;60.44154207;70.6317026;44.49120523;77.25077211;94.34136479;71.56935342;46.94617315;63.03214906;59.24031273;63.57253276
GIB;Gibraltar;1.920530018;2.049556101;2.048260297;2.112403039;2.176508505;2.175357063;2.305009066;2.436181737;2.501416256;2.698187204;2.8294117;2.828957031;2.762729731;2.828003579;3.025223381;3.156715935;3.616858537;4.07700539;4.408991352;4.886718547
GIN;Guinea;9.591616949;12.19948839;12.90099822;12.86202429;13.86385096;14.18670531;14.15914075;14.30178792;14.42768186;15.32178368;15.51536153;17.40068944;18.66052742;17.79434101;15.89402563;16.35780456;17.65264403;18.6933619;18.27425226;18.94865138
GLP;Guadeloupe;11.79165877;12.72160573;13.25203005;13.19275525;14.40845432;14.25082749;13.02178694;12.97950061;13.26660146;12.45682676;13.50996384;16.81281439;18.40069047;14.99585235;16.49226331;17.51060461;17.61118519;19.3799906;16.03470252;15.57226753
GMB;Gambia;1.164438697;1.680973773;1.888198313;1.812164255;1.93638305;2.032193179;1.981173026;2.093597356;2.083410006;2.306175147;2.378028727;2.552297712;2.763273946;2.647690547;2.547450191;2.770649885;2.839239026;2.812012122;2.888428883;3.020479008
GNB;Guinea-Bissau;2.088322641;1.981449945;2.065001713;2.068531023;2.345829284;2.413382332;2.390176732;2.423680745;2.481902101;2.560950855;2.592594111;2.643393001;2.735657085;2.758387222;2.744657059;2.804190633;2.89116183;2.980383077;2.624619851;2.691929551
GNQ;Equatorial Guinea;0.701673254;1.452870027;1.747545637;2.139453186;2.735092632;3.046291704;3.097269961;3.2563235;3.293399395;3.640936865;3.559052936;3.531485999;3.690167641;3.584856906;3.464801639;3.417596016;3.364532861;3.407725653;3.732958759;3.521459632
GRC;Greece;424.8542173;421.380998;428.1477831;417.3245835;430.8798389;391.4430421;392.0500879;376.9333567;381.1001135;363.9002269;354.6206952;317.2491129;301.2817615;309.8358231;275.7966671;265.7535403;248.8621894;226.0213042;222.6735576;219.8934543
GRD;Grenada;1.254644188;1.264000151;1.316171535;1.313361047;1.510777057;1.489351188;1.450424674;1.449501921;1.511225199;1.616137539;1.731122698;2.091981143;2.143010085;2.329518495;2.787166616;2.224534154;2.304960049;2.282309249;1.532724411;1.488673481
GRL;Greenland;0.00266583;0.00257129;0.00245211;0.00232189;0.00218646;3.675508846;3.799047089;3.594539569;3.908804407;3.968338482;3.475060043;4.001463814;4.293016512;3.538071657;3.532289757;3.292440699;3.370497479;3.458204947;3.494152884;3.501255495
GTM;Guatemala;64.21956347;67.88235373;70.63844145;79.70822442;77.59568001;73.3825155;70.80627095;71.55083754;81.60807787;72.70726056;84.28893694;62.91215617;70.89500461;67.4930038;74.20733987;71.42571902;87.21226846;88.87711942;74.14386179;83.67977469
GUF;French Guiana;5.798698412;3.262987414;3.624068951;3.068863134;4.186065008;4.313149841;3.874691197;3.271895171;3.630409299;3.673695957;5.206946703;5.483177921;6.002908552;4.516003799;4.477224554;4.357251802;4.976817665;4.661681141;4.497585677;4.367908983
GUM;Guam;0.000116956;0.000117251;9.30959E-05;0.000100694;0.000114326;0.000125745;0.000129108;0.000134207;0.000140096;0.000141002;0.00013538;0.000133985;0.000132568;0.000129855;0.000133192;0.000135785;0.000134456;0.000133785;0.000133877;0.000133971
GUY;Guyana;11.43487248;11.23212789;10.97806161;10.98005422;11.99170101;12.3498232;10.25264514;9.015254693;10.72956694;10.21388185;11.41894549;14.04218619;14.97088621;17.46063236;17.776797;16.72377311;17.19605778;18.50426675;11.8530846;11.30026588
HKG;Hong Kong;218.2235534;217.2803456;242.9120816;254.4959831;303.0124603;294.1412173;287.5704366;302.2073948;326.524074;307.7033437;326.2888803;274.8403844;327.8415345;338.1304346;339.2796513;359.6394651;299.4220953;303.2072716;290.4769833;282.0822681
HND;Honduras;29.66919446;34.56172924;41.65850985;43.8331978;47.70732977;62.42306369;64.16047674;54.87402233;78.65913849;77.79021292;69.95359653;69.72701077;79.54884183;80.72469981;85.57499839;84.75993382;90.72039434;79.87774559;77.59323869;82.71285337
HRV;Croatia;145.5097819;105.4151941;105.9467543;108.7201481;133.7821471;96.56126825;106.0725735;106.8290352;113.3021961;102.767515;96.59803394;62.02605613;63.20800762;52.99767349;44.76077174;40.82772243;42.91103083;39.7507477;36.07178627;34.291712
HTI;Haiti;8.32560795;7.630346942;7.756963225;9.309833823;8.683380711;8.045127786;8.143591035;8.30017465;10.26813608;9.977838233;10.03799832;10.62303059;10.93339924;14.01340881;15.43971595;20.82294039;20.886228;21.17490139;21.41976989;21.21271005
HUN;Hungary;378.1091305;332.5320958;321.5260068;177.9566665;175.7568347;156.6826637;125.5552459;125.6480083;120.7048449;116.2956475;102.5707106;100.6530787;108.3292605;103.7616485;103.2692536;99.71143135;95.88967062;97.60561672;94.46703572;89.44354847
IDN;Indonesia;1423.161202;1425.331577;1516.439193;1546.228823;1658.073805;1718.238638;1761.717605;1853.99674;2123.074998;2038.352077;1989.263752;1900.665617;2066.069285;2075.025826;2009.656744;2325.389751;2390.922489;2366.3572;2638.503967;2927.802121
IND;India;4715.102525;4851.951345;4879.481853;5027.19137;5053.257637;5374.504437;5535.403256;5879.605573;6439.451296;7036.066169;7939.511226;8450.647865;9095.614322;10165.7782;10477.23806;11571.39571;11056.77125;10940.41401;11563.628;12209.17282
IRL;Ireland;125.846729;110.5535482;115.3223952;98.44570902;85.74127256;87.76848476;87.94893411;83.87731568;69.56799221;67.28375147;56.24086186;52.41373925;47.1857186;48.62708979;47.21321231;44.24556889;45.37260032;44.94522506;41.73274935;38.14631081
IRN;Iran, Islamic Republic of;1059.400979;1093.345794;1138.427532;1057.947547;960.8915162;1019.515459;1098.283759;1240.245912;1341.777415;1317.098249;1450.749834;1233.237293;1475.644224;1575.848002;1752.262122;1455.704178;1142.893263;780.5568633;652.8915347;714.2151941
IRQ;Iraq;409.889771;553.319033;733.7026844;651.6150871;754.1000741;740.2921117;574.9115297;502.1686962;367.9475684;579.6866932;846.061298;952.8858371;904.1326331;1113.328724;1287.355549;1456.611509;1445.65299;1579.753174;1315.886269;1415.803951
ISL;Iceland;6.009223503;6.433846913;6.58338407;6.630312463;6.426879742;6.214502974;5.969976921;7.060718162;8.654009966;9.433690356;9.474273839;9.327660346;8.776916835;8.723717954;9.446320746;9.089169695;8.883199953;8.106072048;8.739947711;8.653647017
ISR;Israel;326.363775;332.5682802;238.1213328;269.9360941;271.306939;224.4319308;217.399049;202.6746388;184.9918574;173.6116173;143.3001369;164.8840443;152.3181643;246.3463334;89.71312131;60.22401351;62.76469459;56.20212256;59.47885223;56.43107753
ITA;Italy;985.8570308;930.3997887;841.9779165;847.7366272;792.1519178;673.8502725;578.0344304;537.3749281;464.0901885;441.4611596;361.1627343;336.1130912;310.8304864;294.0854017;246.5857086;229.6660869;237.0147834;220.4180583;201.1186719;201.3138304
JAM;Jamaica;132.4722007;133.4755846;134.1238912;134.3293032;137.2774808;112.1876797;107.2165415;100.4687634;95.26177845;80.01382365;68.81959493;65.71008781;67.39865753;65.8716584;68.42591207;64.94024895;66.38206955;67.76763224;64.73346482;77.76215995
JOR;Jordan;145.3629604;149.8059834;148.3505612;161.0055157;151.2728436;118.1094785;114.9325812;100.2938706;96.71144349;86.37586055;70.30892341;107.3095893;168.3598428;184.5425903;175.2920588;222.6562664;158.3228941;78.3532386;86.30104185;79.54181859
JPN;Japan;1911.487024;1798.206292;1674.257675;1637.052337;1559.012666;1438.309267;1331.311121;1274.133605;1271.116714;1173.026979;1067.844343;1109.513215;1130.103504;1130.968928;1131.334925;1076.200213;1030.842098;1025.651462;1014.468345;973.3706216
KAZ;Kazakhstan;1164.215092;1068.664499;1115.328371;1176.724751;1286.763435;1387.845476;1426.939017;1594.84023;1701.960749;1909.532922;1506.008052;1600.179671;1764.556243;1723.474032;1879.786524;1638.660481;1812.000507;1888.545706;1834.611426;1810.187201
KEN;Kenya;48.36850529;59.34378396;51.25931958;46.49630517;40.40643946;48.25198701;55.19706446;62.54877144;61.27098019;68.7235221;77.84365916;72.97825106;79.62912835;64.88254527;75.95090327;69.35425025;67.63852514;79.92590226;80.67201213;75.53754458
KGZ;Kyrgyzstan;24.5588802;22.69220635;14.13948628;24.78446633;29.8731183;26.51613893;25.53984878;23.73700456;25.74518751;31.27452919;35.10637375;28.39418275;30.81449738;37.65265885;27.99012243;47.95720219;54.30752834;40.01262409;41.77194494;50.17753641
KHM;Cambodia;13.42719635;14.13495011;14.7841123;17.58687454;19.05816609;19.10819415;21.59186307;24.06789821;28.22915519;29.46789983;28.15723569;24.659606;25.7601912;25.3500055;24.20473815;29.34620154;44.91185852;54.98222102;67.39882068;59.11905301
KIR;Kiribati;0.125031955;0.240306445;0.231133541;0.357661729;0.374004836;0.385425361;0.494665388;0.497986664;0.41923157;0.404626759;0.306920587;0.294492387;0.279152752;0.268020813;0.289651778;0.311060048;0.333541097;0.366410624;0.376813827;0.387651381
KNA;Saint Kitts and Nevis;0.658172926;1.093819543;1.119121216;1.195291991;1.317973391;1.453934236;1.295950785;1.21672959;1.254994888;1.29881009;1.430311501;1.744735632;1.813228793;1.885530063;1.93594239;1.883783596;1.945578884;1.923992965;1.070896074;1.039950094
KOR;Korea, Republic of;1366.599011;1596.676605;1597.084328;1507.483685;1079.021409;1105.45072;988.7419509;962.1465046;979.2015745;866.7747269;864.7778246;899.4295658;815.3279069;815.1355366;808.8651856;708.2262258;796.9704873;809.5865352;722.9069698;724.4991946
KWT;Kuwait;433.1441985;482.4436035;581.7498741;651.1614674;596.0139518;611.4519762;731.4759552;728.7262195;745.3115525;761.5993153;906.2561761;745.6159989;688.1343306;582.5404892;765.06925;664.9326087;769.3742785;755.3992595;678.5266887;672.1063584
LAO;Lao People's Democratic Republic;6.365691609;11.41761238;13.22778198;14.5634835;15.53662978;15.76522789;16.60899742;19.2645258;18.11742526;19.53366543;19.67218691;22.38391997;23.90552555;25.83955101;33.52719898;35.24956984;78.29711982;128.4655476;134.5191349;136.3264129
LBN;Lebanon;156.1091254;145.5078977;158.5191657;162.5564341;148.6913094;141.9756721;137.6740088;135.9093417;134.3835381;156.7119389;171.7736007;175.543584;184.203432;170.8525457;188.6624387;212.1761355;220.6529179;229.0054553;253.334149;238.8503065
LBR;Liberia;3.094118235;3.806732293;4.0810737;4.099820788;4.396902791;4.671727537;5.038350938;5.279987764;5.147298142;5.034663607;4.983252802;6.382622641;6.962474688;7.313576909;6.7597409;7.950793238;8.145601438;9.167126112;8.976425235;9.248611251
LBY;Libyan Arab Jamahiriya;247.912364;248.4380967;245.9812703;254.3834436;266.81139;228.2968791;256.9765281;242.958406;210.0849926;224.7453623;251.668462;243.7312599;157.1363549;213.2562378;186.9281647;183.3203339;170.8584722;112.337703;116.1701379;118.4330388
LCA;Saint Lucia;1.236640591;2.016743919;2.151827105;1.907203544;2.305018658;2.37122378;2.313426065;2.244348102;2.263381369;2.403589996;2.519617748;3.165815344;3.229512976;3.398097307;3.487436915;3.39249109;3.432341367;3.339946605;2.241718284;2.176971514
LKA;Sri Lanka;60.01710696;87.90517211;85.89119437;90.43902743;108.1396779;113.4592441;128.0824794;99.95860814;108.5658256;108.3028447;111.298135;104.4904914;128.1464629;149.9043212;93.93635729;124.3213385;128.5927299;146.3908516;160.5937724;150.0977177
LSO;Lesotho;1.639624744;2.556452746;2.656225279;2.683578464;2.668482324;2.763142106;2.726524092;2.796770292;3.609474846;2.953460161;3.298711723;3.412859991;3.476176695;3.484661547;3.349276842;3.447722844;3.426897913;3.683486235;3.904786718;4.011127846
LTU;Lithuania;51.89543255;32.28742782;31.89097209;26.99211805;21.38593807;21.08626893;21.8817994;22.41023599;20.47278585;20.17747021;18.03727055;17.11553346;15.3525299;18.02706246;16.1398352;14.02044273;13.46529905;12.77642082;12.8084666;13.33319757
LUX;Luxembourg;3.679463141;3.268329736;3.50421848;2.702016275;2.273479516;2.529377735;2.352335728;2.351825836;2.046715075;1.974921728;1.66790065;1.876273939;1.612396782;1.61401991;1.578052972;1.563504236;1.58322529;1.572849872;1.610404427;1.591933939
LVA;Latvia;26.48676629;15.3895718;11.4016892;9.931936572;8.737456567;8.0085828;7.220751538;6.751438258;6.812840594;6.209856661;5.980166145;7.281546973;7.547923968;7.385956766;6.947289388;6.623030254;5.968535177;5.455430695;5.29934752;5.32231763
MAC;Macao;14.38263007;12.15392801;13.70183519;15.67615169;16.14582782;18.22832416;18.01426599;16.2900943;14.64484561;10.15700871;9.603859638;6.948629862;7.627496899;7.72899412;8.125412624;8.907372095;11.5632995;11.71333756;12.40013934;12.758005
MAR;Morocco;270.5882326;260.0153821;284.7380901;298.24352;292.9250354;308.1135505;313.0920745;316.1719343;309.5077242;324.3533761;303.8513654;341.9257189;382.6976984;381.4939486;347.1638593;361.7548321;370.0121769;364.2308095;389.7890919;413.1114227
MDA;Moldova, Republic of;16.86046107;9.944160047;8.908653537;8.806277629;9.920717879;6.040700458;6.279812395;6.383938596;4.739574309;6.642461802;7.344776491;7.908334816;7.432656626;7.489143495;7.258763279;6.134201457;6.695237846;5.86993474;7.588453529;6.922264197
MDG;Madagascar;9.808594987;14.26808206;14.582655;11.84457975;14.72842101;15.71923293;16.09630709;16.33545829;16.04460728;18.03628887;16.62812647;20.6745942;26.29691407;32.70606212;37.5639669;36.1624239;36.11730006;37.85662014;37.2420351;38.89275961
MDV;Maldives;2.682839679;5.050865497;4.721351975;5.932724255;5.135543773;6.443677249;5.725266055;6.64709908;6.46606764;6.110983041;5.647476644;5.58792769;6.110990761;7.597091044;8.509349;12.14903327;9.375137398;10.19956743;10.67546142;10.98411463
MEX;Mexico;2312.538559;2438.284489;2336.295624;2121.149853;1975.697494;1905.266058;1976.369346;1743.610725;1691.380962;1542.728006;1471.858181;1469.544075;1609.102535;1567.719586;1525.602446;1261.329714;1228.780507;1249.717837;1309.114845;1284.739824
MKD;Macedonia, the former Yugoslav Republic of;98.72808997;97.69418993;99.7594141;90.4929018;97.60493518;94.21873909;98.68494711;98.08265282;101.7059349;97.7508073;92.75137042;84.38270186;94.45053134;89.94218713;75.79079688;70.68601609;63.95379338;55.81365058;60.934299;55.46663311
MLI;Mali;3.873211473;5.584090227;5.822820676;5.943353176;6.020149905;6.155687655;6.209693956;7.171945722;8.09581085;9.3784907;11.59810186;11.71876803;12.75500317;12.76600422;12.99728912;13.81137243;14.969932;15.46852886;17.82654234;18.66179926
MLT;Malta;18.08461158;15.5137117;18.55785518;17.40640834;18.14653996;16.98891045;16.14476102;15.40041536;14.79310945;13.24585508;11.47585387;11.26899779;11.41225233;12.03637945;10.17512583;9.735168281;5.887263828;4.281299014;2.12328036;1.882493466
MMR;Myanmar;36.34331574;43.99199127;43.84965043;37.29032068;47.83856637;38.96608056;42.0711182;43.98846476;43.72573279;43.11291989;42.54650076;46.93668509;45.65788928;56.42827084;58.46263516;64.09001995;68.32074537;64.89892026;116.3738071;120.8676236
MNG;Mongolia;65.48765756;67.96072914;66.23377979;72.98957828;68.3919649;70.04257489;69.97592164;75.23763942;78.33051193;78.68947433;83.52269487;92.10471802;90.75622;96.93339713;104.9682173;104.3372524;101.9346541;103.3705263;113.826045;125.2787823
MOZ;Mozambique;12.07103685;11.73242145;12.75500303;13.95167174;16.72836181;17.73129676;16.77322933;16.74588301;14.25310965;14.2024021;14.77977677;14.60217434;17.21084351;16.91374227;18.21578519;18.73801533;20.26113498;19.23649973;20.30990171;22.17996391
MRT;Mauritania;13.26426361;5.670713536;6.117812717;6.491147218;6.730511767;7.208953667;7.029829022;7.087921162;7.806105912;9.659732202;9.639658259;9.622749363;10.47163428;10.98735393;9.357828982;11.18176767;11.18121754;10.80792963;12.20716363;12.7872141
MSR;Montserrat;6.65854E-05;6.75604E-05;0.000177055;0.000178086;0.003611523;0.008801299;0.012111819;0.020701826;0.019962114;0.009926565;0.010221165;0.04113375;0.041002471;0.035183289;0.03152586;0.033180282;0.034086517;0.032371343;0.031665125;0.031665015
MTQ;Martinique;12.49328956;13.55705955;13.4560745;13.72059067;14.74594106;14.98905147;13.89150509;13.29787885;13.48212514;13.96207888;14.98539546;17.72248182;18.43547551;18.71141306;18.8570221;19.50531397;16.80848987;16.95609387;18.60383071;18.06656751
MUS;Mauritius;25.90331581;23.06884118;24.77397401;24.64601507;26.57757696;27.07971228;28.41517321;32.18461809;32.56554271;31.75718183;31.76940242;34.14939574;34.43718699;34.96900511;35.73945904;36.97765844;37.01156711;36.96961671;38.67308312;38.16089013
MWI;Malawi;9.514245921;13.79150257;13.47743437;13.4698734;14.7302067;14.28071083;14.73979818;15.5440328;16.00927083;16.81612989;16.49962682;18.11064908;11.96851439;10.98636144;12.85499757;11.64312058;11.88049967;11.89516501;12.41196183;12.91998975
MYS;Malaysia;296.4846631;286.0523812;292.3416422;341.8974148;299.6730232;334.452993;339.3748938;340.8922591;403.1987431;402.2744866;385.3758967;458.8202478;504.0336148;517.6483775;470.3083302;443.6059406;471.8398387;469.342452;523.6524746;546.5705948
MYT;Mayotte;;;;;;;;;0.00000354;0.00001416;0.00007965;0.00014691;0.00075579;0.000885;0.000885;0.000885;0.0009735;0.0009735;;
NAM;Namibia;6.977408093;6.642065082;9.430182827;8.105197779;9.566905529;11.21927896;10.99977246;12.34304334;13.24743041;14.1801182;13.38742863;13.10769564;13.72793576;14.58128767;14.46587431;14.70985245;14.84439915;15.81091159;15.94609354;15.09380264
NCL;New Caledonia;17.46644756;23.28135158;22.7308503;26.82307023;28.47528642;28.30911091;29.08955579;27.09061289;26.14740047;24.16263025;20.68063274;28.12684615;25.73253297;26.05024803;27.15312223;35.23080613;29.01979688;27.80999155;31.85610718;32.80032146
NER;Niger;13.82005912;4.826761629;4.801388599;5.090593609;5.442869278;5.61118705;5.490843238;5.488227871;5.609335711;6.078835468;6.563519736;8.195793937;8.201552388;9.388235682;9.473098127;10.70293747;10.9038963;11.40485009;11.96249371;12.76050565
NGA;Nigeria;139.3654815;134.9193769;151.9774336;151.5793539;143.0576438;147.8608594;161.909063;143.585594;136.812647;160.4868142;148.7414823;167.1956647;175.823265;183.2852905;190.5301104;180.7682231;178.4872187;187.1162849;194.3615786;204.1250941
NIC;Nicaragua;34.83013452;38.06995611;41.37249826;41.46826875;41.18835449;42.89187041;40.75355111;43.59531361;43.93196776;43.44676174;46.10996765;46.16814521;49.01909909;45.75810072;40.78060174;42.48112485;46.99445489;46.90863005;43.19319401;41.67229216
NIU;Niue;1.22319E-05;1.22352E-05;1.22903E-05;1.23465E-05;1.14097E-05;1.14681E-05;1.16214E-05;1.16831E-05;1.18693E-05;1.17502E-05;1.17546E-05;1.17568E-05;1.17072E-05;1.17105E-05;1.17711E-05;1.17193E-05;1.16123E-05;1.24985E-05;1.24466E-05;1.32809E-05
NLD;Netherlands;93.07345034;85.24353054;85.68657714;82.17300352;80.28036438;74.54766776;72.4985297;70.77641037;73.35355974;69.44592096;63.05218972;60.55611582;61.53886339;63.38147756;62.78050409;64.8352902;70.55324304;68.87577683;66.77209733;64.7734866
NOR;Norway;106.8874858;94.8859399;94.93957659;90.45693255;96.85442999;97.13191154;95.87883829;95.74180113;97.08618423;92.94666774;88.24264493;103.5052692;102.1836134;98.27422397;90.13740938;83.06859542;80.07107058;81.83402742;72.16547612;73.57476009
NPL;Nepal;24.84919371;25.04374647;26.49637475;21.33973754;22.62533116;21.77064939;24.56569873;21.25247544;22.53754473;22.56797402;23.3295887;27.01882826;28.82114772;31.07777182;29.89632216;34.93605987;35.77819222;42.83466904;47.44531642;50.02308481
NZL;New Zealand;46.75082675;49.13819343;51.58000754;52.51356897;59.05112914;56.52472981;57.66492763;54.85277529;51.56105093;54.90052633;45.89483977;42.87267166;41.8004652;44.73729976;44.9882148;44.83896088;44.58729813;41.43328483;41.77070586;42.299537
OMN;Oman;49.61532837;53.82490998;59.07554257;68.82472909;66.74486318;65.21316185;55.02590071;65.54769129;59.16084577;39.53792713;33.46298731;33.29242672;39.11513049;41.19687581;41.63815792;47.15501953;48.64733142;49.52963825;59.61879737;61.3707356
PAK;Pakistan;806.2780428;808.083373;787.2903749;762.0342473;456.3125057;545.2102605;621.5939543;884.1583504;923.3462779;942.04384;1059.797411;1009.729986;952.3179773;964.7684971;1084.349555;1092.641163;1034.286159;1144.254732;1010.318101;1065.047692
PAN;Panama;30.40436884;33.42365472;52.52505267;35.56125341;42.65151015;40.33410945;54.3906832;61.52985891;53.21416075;47.031293;65.22025894;71.51990251;72.15951274;72.55296448;71.54567969;75.04940468;66.51534073;66.614315;60.30516442;57.19494208
PER;Peru;249.5187252;237.9916458;235.6804426;247.0764283;228.6754896;253.2487161;231.0898834;214.1084316;191.4347012;222.444075;224.0247072;217.1777875;221.1825618;192.1960648;231.3392128;195.6718955;199.3908041;195.1093938;189.0383679;191.4548621
PHL;Philippines;559.701228;460.7502226;484.311843;397.036303;421.1677968;452.1146186;396.549793;346.9491531;355.2302706;358.2204549;345.7264456;399.8652187;349.6511042;346.943107;395.077911;419.8705507;478.2334196;468.9247555;501.388034;512.0307478
PLW;Palau;16.5598477;17.0125204;20.60684233;13.52470231;16.49567247;13.84919144;15.33079158;14.14087213;11.79432396;10.13420558;14.19401706;12.38988356;12.3572364;13.26309749;6.074840277;7.518301813;7.091056054;6.788512614;7.096686683;7.301523338
PNG;Papua New Guinea;20.20384442;21.47075557;27.68535891;31.07223807;34.87604418;38.63544477;35.87022943;33.64419894;34.8251963;30.62333199;27.93080684;26.2816576;16.78170211;26.30102905;30.22056733;33.40132992;31.27687126;40.10921729;36.54908376;37.555046
POL;Poland;1614.482959;1510.356612;1477.944452;1429.423753;1472.356573;1448.131835;871.4328621;876.2516663;821.8087307;794.3997914;756.1248987;801.3648577;773.7620624;760.4971665;746.8115747;700.108519;699.9176448;717.1031637;724.4880878;715.7619564
PRI;Puerto Rico;1.503149905;1.547527578;1.271514915;1.152199236;1.035540515;0.829291739;0.67148502;0.564270773;0.582045816;0.552523345;0.516508517;0.534052266;0.543671911;0.549884913;0.605449138;0.614288824;0.637540552;0.571040131;0.567031117;0.550671332
PRK;Korea, Democratic People's Republic of;601.6669144;636.8147936;659.2649945;628.3153475;641.7264548;655.3520404;684.5441206;696.6014646;574.1662962;638.9536446;473.8224852;440.4463182;306.8095362;319.8047287;217.517677;251.3377205;196.3570516;223.6150064;170.194073;132.3470599
PRT;Portugal;294.6874176;257.305992;194.9389338;208.4898225;148.9904041;135.830085;156.8023099;119.5279217;118.6829789;110.7129695;104.8227547;90.9415649;84.36104718;81.40014771;84.27032035;74.95883724;80.10151026;79.20615087;78.00265434;77.72929096
PRY;Paraguay;9.722320966;8.532879231;8.428167561;8.156047917;7.574198426;7.612195503;7.33473978;6.761346815;6.135787614;6.553315336;6.212995697;7.420191083;7.454834196;8.058916148;7.315491941;7.762004251;7.89499511;9.000560588;8.565274343;8.789732333
PYF;French Polynesia;6.27035997;5.626389841;6.932348385;7.710947379;8.203040354;7.69487739;7.886119176;7.08609575;7.159403313;6.408001637;5.42211318;5.356373345;5.014574731;4.764717926;5.181317322;5.382871455;5.685119057;5.73173454;5.666776579;5.83030506
QAT;Qatar;1.527140372;1.305679275;2.185553495;17.9735238;9.784704338;9.998771324;9.70318188;10.26801843;23.15124743;22.13315546;14.35732268;20.85779676;8.966649028;29.16512418;20.37768271;25.05875493;15.48875047;19.85945757;14.6669707;15.71846144
REU;Reunion;9.562650299;9.402057898;9.813005064;9.74438208;10.32106107;11.53272145;10.47182121;9.741114826;8.933017652;10.62556572;10.93789722;11.93193766;11.61609929;10.69339883;10.30860374;10.84786539;11.52010167;11.90768895;11.50946562;12.10268385
ROU;Romania;509.0397077;463.2531522;495.5911015;454.2909653;496.6672602;463.4376604;468.5150998;499.5182411;496.2033155;488.2605014;410.6429295;379.8468968;446.8794306;399.8244795;309.5265839;303.3545049;311.1030044;282.3296715;289.0969024;280.0559877
RUS;Russian Federation;3919.204095;3713.098882;3652.545714;3496.725889;3415.084624;3180.446494;3029.954393;3144.664893;2878.340008;2811.462889;2443.618079;2334.467602;3042.545584;3362.324951;2589.570612;2529.714116;2619.797648;2475.200465;2442.23686;2488.583547
RWA;Rwanda;5.908761332;4.750978511;4.879653986;4.743637776;4.901602802;4.913966781;4.766444898;4.743222141;4.734453069;5.010234534;5.017520874;5.194296096;5.766900448;6.050271088;6.121918406;6.209386064;6.644691969;6.570657759;6.643029806;6.870800188
SAU;Saudi Arabia;1531.321345;1521.059511;1420.508426;1390.748688;1464.933064;1551.452517;1608.48841;1727.305971;1833.628075;2026.347614;2461.512559;2684.739216;2874.266533;2974.677663;2886.385636;3332.504855;3427.306768;3345.138057;3377.451202;3127.054022
SCG;Serbia and Montenegro;297.50974;470.0528772;514.3958438;537.8830922;569.8880592;580.4509958;527.8612568;540.4473111;538.1754354;538.734979;540.5080161;545.4889854;572.5865367;531.6039414;541.9147538;450.6771845;534.0076359;544.0125891;508.6093506;485.7897129
SDN;Sudan;40.15378514;43.22478357;41.71641681;51.29493905;53.99808396;55.51731498;61.20148584;75.17575674;77.21891983;83.02154743;84.84153944;67.62014923;66.84766937;65.11545124;62.83176615;68.11678757;108.2125992;128.4454269;128.1123705;128.2458859
SEA;Int. Shipping;6967.076681;7146.993688;6796.923712;7050.197896;7195.919472;7897.482564;8183.692351;8714.459113;9227.880364;9255.905443;8818.274217;9488.678293;9494.940556;8820.048114;8792.031605;9116.139582;9477.28566;9736.381755;10001.31829;10093.45826
SEN;Senegal;34.00517187;33.11531357;36.71585864;36.17771986;33.75377807;39.81305649;44.75934726;41.34306684;42.72179133;44.08348804;52.14643477;51.40495263;49.40850758;49.47087174;53.69403499;60.48925013;68.47060731;74.60188605;76.35580481;79.26557758
SGP;Singapore;396.6862276;419.3200305;389.5343386;334.7134542;231.6603042;213.8605074;166.2192956;155.2502504;158.1715069;149.2842187;129.7077938;149.7470175;150.2484806;122.4063398;88.26389499;67.88552057;69.82055033;71.29322599;77.48558862;77.56035586
SHN;Saint Helena;0.017688564;0.028774629;0.032082083;0.032188429;0.033791464;0.03553933;0.037845107;0.038801202;0.0392212;0.043816813;0.045524326;0.046826595;0.048659133;0.050884452;0.062270275;0.062055507;0.062551894;0.065723023;0.068862907;0.072453639
SLB;Solomon Islands;1.309370533;1.307142946;1.487153487;1.570483617;1.625969469;1.565944737;1.539724946;1.427035098;1.440865541;1.219070835;1.066088494;1.076799727;1.091747508;1.068791126;1.213101375;1.298948625;1.30882419;1.191945212;1.844019962;1.896104936
SLE;Sierra Leone;5.157536083;3.80568382;4.406138827;4.473812496;4.559195576;4.747047046;4.242932045;5.026918418;4.689056302;4.662434282;4.885721565;5.133731626;5.923619453;6.275827299;6.796698256;7.223046094;6.328666005;6.604419553;6.603505114;6.80921472
SLV;El Salvador;33.91961943;34.10077856;39.8385048;42.9262697;43.770295;41.63506413;45.49207395;51.39012221;56.17992708;47.90681797;44.86920673;39.34970722;41.96467122;45.11613058;43.4279067;44.97488886;45.11857422;44.25024289;30.59059885;32.69586026
SOM;Somalia;5.604586871;6.846846257;7.162791429;7.4996457;7.843601494;7.964038939;7.905703808;8.223836426;8.199780187;8.686878673;8.954148188;9.244222688;9.460008625;9.42032722;9.250462026;9.205994353;9.534013516;9.863364852;10.16866356;10.36303539
SPM;Saint Pierre and Miquelon;0.250603281;0.275623743;0.272411169;0.289250142;0.360752055;0.361427376;0.349098006;0.334910237;0.338122361;0.351122455;0.38089799;0.503167238;0.469094086;0.507661161;0.539532144;0.536829173;0.544188619;0.534126674;0.25439523;0.247048643
STP;Sao Tome and Principe;0.278435307;0.255485515;0.263814207;0.295252876;0.321753156;0.367150285;0.377808573;0.405612775;0.403924249;0.459300012;0.505858273;0.556177783;0.567372463;0.561734453;0.547610893;0.548541258;0.579455047;0.63050554;0.662553946;0.694393566
SUR;Suriname;8.824700288;9.872050845;10.59960152;7.440249926;9.093573955;11.50810289;16.25235465;12.15572825;10.11327194;9.886256426;10.17867564;12.75827437;17.50805454;17.18173611;19.75094638;18.76303627;20.32193473;18.32957305;18.36527235;17.90007237
SVK;Slovakia;97.21442354;83.61484245;90.47341741;77.11120723;88.19122288;85.20146859;78.31874905;70.10627161;63.94653165;61.26458535;58.24305009;51.26012494;49.45700349;46.93394417;45.41935332;41.84267164;43.14257488;41.55052337;43.04797515;43.09993449
SVN;Slovenia;68.84310552;69.19223608;30.73830442;28.86487381;26.53759475;26.09792592;25.78995973;25.63837979;22.38534106;22.10493377;19.247209;18.37405696;17.39797774;16.70810979;16.61259921;14.51199591;14.27280324;14.80293736;14.70763141;14.55422926
SWE;Sweden;242.3404018;234.1508642;211.0296184;212.0919659;206.0083012;189.2202196;175.2436438;174.1943508;173.6145487;160.767219;156.446966;186.3386275;172.7214889;163.0758626;161.2763754;157.5130513;161.0740607;163.6739274;163.346531;161.6125354
SWZ;Swaziland;18.34488328;23.77272343;26.44629316;25.68662216;23.32236622;22.65274165;25.10236406;26.28067786;29.64977081;30.16865723;28.84844039;26.46407601;14.6469877;13.04562975;14.85347285;11.47421619;11.94751357;12.78899821;13.56744654;14.43251428
SYC;Seychelles;1.920833002;3.560447867;3.977016959;3.457970673;3.48849743;4.901711281;4.309311097;4.755142969;3.771130593;4.248826848;4.660759761;4.268368348;3.675988103;3.957281807;3.399496048;4.021349846;4.218941348;4.89979583;4.824741773;5.074035415
SYR;Syrian Arab Republic;302.9241528;292.5450824;303.1237082;305.0866354;307.8482799;322.8264032;420.8622726;452.4189257;498.3645336;529.0865787;459.8725428;402.937818;379.2765218;313.161489;175.655305;135.7514652;140.3348707;161.5381749;170.1175044;161.9834069
TCA;Turks and Caicos Islands;0.102626955;0.456186447;0.480071825;0.622819546;0.695343233;0.725633724;0.791614702;0.876592291;1.008274995;1.09042878;1.202054952;1.462970989;1.481953855;1.579336368;1.683524496;1.707904992;1.755077347;1.747987947;1.664125213;1.616034407
TCD;Chad;3.161233866;3.669034079;3.780229043;3.741337225;3.935457875;3.976022255;4.135518608;4.167751025;4.277714908;4.419242959;4.508384129;4.990801342;4.798930993;5.055543626;5.058973317;5.059821628;5.120510118;5.213668085;5.267885143;5.356683095
TGO;Togo;4.167885603;4.05728047;4.272763551;3.168275139;3.142457797;3.428939632;3.013073193;3.014147114;2.663155792;2.383708729;3.19597703;4.01925382;3.441611907;3.272625132;3.42567269;3.542119251;3.650263407;3.776771073;3.906830209;4.270342924
THA;Thailand;849.9849244;705.9098455;597.1633805;602.8252848;599.7468224;731.1385607;748.6100501;731.226931;633.8118672;594.7086306;571.8959635;607.3089552;658.2835789;681.9760772;721.8008707;716.2203997;647.0810847;634.7405566;598.0597579;595.54256
TJK;Tajikistan;6.099294557;5.100126456;7.089944039;8.046007628;7.457752343;8.968012648;8.318229542;10.01942106;13.09675412;13.53941353;13.59130944;14.25575468;14.58873513;7.85478285;8.105974983;5.882474822;6.971863296;26.47148384;35.36691348;39.02712314
TKL;Tokelau;1.49937E-05;0.000014592;1.40632E-05;1.35847E-05;1.31328E-05;1.27045E-05;0.000012353;1.19246E-05;1.17238E-05;1.14963E-05;1.13457E-05;1.12955E-05;1.12453E-05;1.11951E-05;1.11951E-05;1.11951E-05;0.000010944;1.08938E-05;1.07667E-05;1.07165E-05
TKM;Turkmenistan;22.36605307;21.15636182;20.44925253;20.86719364;20.69365323;20.42615387;18.47879405;17.96962272;18.74638514;18.4817415;16.40482647;18.9051576;19.40772535;18.3208479;20.01154094;20.43305188;20.4890663;20.35809639;20.33450406;20.44682352
TLS;Timor-Leste;1.233453646;1.233187885;1.387247461;1.460338445;1.475336717;1.508029353;1.503803346;1.402505614;1.361005957;1.312256119;1.286312605;1.28250297;1.324867029;1.533242531;2.376570702;2.899378075;2.94004214;2.957508531;3.638986311;3.740162779
TON;Tonga;0.939422364;0.711845351;0.72363582;0.831981366;1.033339671;0.916816633;0.963305669;0.982495499;0.786826692;0.738831953;0.700973831;0.615419247;0.583609543;0.581673277;0.599325167;0.69435694;0.748578424;0.815893116;0.744549019;0.766019254
TTO;Trinidad and Tobago;3.405230879;3.634666215;3.569904984;3.777502067;5.950809204;3.195770242;7.979108535;6.225376731;7.234679685;5.704984416;5.967950187;5.928380799;5.528686829;4.882737643;5.742674313;5.43143548;5.849563757;5.364915624;5.8701075;5.07285326
TUN;Tunisia;64.4702435;66.05349164;64.71075538;65.17125111;48.5088395;51.20099621;48.57835334;60.99689213;68.76700077;53.23574664;44.19243605;34.4160821;31.4668087;33.55240953;35.80289449;44.04523111;55.30170472;38.29675435;37.35433836;36.66307857
TUR;Turkey;1285.870319;1461.554203;1254.987226;1296.964092;1312.617745;1309.430138;1254.506856;1412.414722;1553.706902;1427.495328;1409.014287;1381.311999;1450.011483;1480.3673;1283.783016;1423.115436;1430.468586;1676.039392;1778.453868;1819.663049
TWN;Taiwan_Province of China;1175.577994;1298.599718;1291.868389;1291.256574;1329.903759;1334.281637;1354.468228;1414.160638;1424.169149;1339.893447;1245.400697;1259.342553;1290.83162;1262.095195;1219.166514;1205.441092;1182.438096;1208.197703;1259.410292;1246.496642
TZA;Tanzania_United Republic of;21.6292118;24.57825146;22.66363811;22.62529394;22.76132283;41.76986168;36.04670094;37.60674378;28.84598546;26.53264787;23.75468935;25.85459489;33.14783983;40.11616411;45.45510455;46.65568142;54.16113052;44.394603;51.43483539;53.82539289
UGA;Uganda;17.13037358;19.3856297;20.09317738;20.61464111;21.16178256;21.89624462;23.37923693;25.49911664;27.71240012;28.51718553;30.55729847;32.77300492;34.41958511;33.07400252;33.30539197;36.47379076;36.88355451;38.88612854;39.80901325;41.80634151
UKR;Ukraine;1033.0777;983.2021652;930.7643695;938.6376657;1124.382171;932.1763065;931.4354132;1115.325331;1195.837166;1199.395154;1108.18423;1115.78782;1230.504645;1295.592877;1273.979966;1180.157883;926.9052827;987.1531371;797.2723295;865.9281601
URY;Uruguay;43.75256984;24.27097015;14.60473862;14.04835195;13.6439279;29.29845643;26.19910793;44.15175713;28.54320192;63.22695618;61.76545738;41.01988744;56.60456202;72.57951854;51.27557886;44.81882669;50.13378002;48.90463222;44.68458026;44.09573299
USA;United States;15991.07928;14687.98668;13807.45792;12375.02725;12428.94754;12091.91424;11606.82756;11254.49732;11155.48381;11149.44337;9880.698736;10407.65485;10295.23583;9219.399661;9542.667167;9479.866628;8483.546798;7959.171553;7752.13161;7587.884375
UZB;Uzbekistan;184.6682246;176.6896323;170.6051757;169.4944495;151.2170167;153.0828618;128.6383887;125.1689541;98.62307588;93.99998095;83.84658956;71.08429486;67.79558796;73.70364824;92.51876142;85.47182925;74.42998464;74.73055878;81.17918678;94.87768967
VCT;Saint Vincent and the Grenadines;1.022993073;0.883300665;1.055508066;1.110330937;1.284238684;1.398052453;1.33742041;1.290405459;1.286494384;1.326120796;1.957228339;1.684944026;1.567023585;2.03593354;1.709481778;1.748102246;1.774830646;1.71316629;0.90424072;0.878156996
VEN;Venezuela;248.8267364;289.3961869;365.5222402;394.473783;398.1475501;373.8897974;392.8978138;440.0881766;342.2133989;496.8798023;502.4395303;521.5115457;484.9299121;503.4140909;484.1417689;443.7716599;360.7766732;327.3993515;270.4128306;243.9941008
VGB;Virgin Islands_British;0.365121314;0.599815955;0.608605012;0.630045758;0.738821033;0.785678159;0.76854674;0.80614083;0.815967915;0.905291998;1.023042257;1.259864753;1.298437224;1.363697149;1.410740949;1.373290328;1.386393692;1.354183258;1.105008774;1.073076474
VIR;Virgin Islands_USA;;;;;;;;;;;;;;;;;;;;
VNM;Viet Nam;275.7962393;301.0383278;332.7534841;355.0222486;349.6093776;406.8486503;419.044662;427.1716923;468.6847293;517.2714016;550.7094485;638.5902833;631.633692;614.4291483;655.5688852;764.6429806;1059.91953;1151.503699;1104.605923;1392.727226
VUT;Vanuatu;0.448114768;0.698945611;0.859452185;0.865083008;1.000826158;0.780364991;0.762743863;0.660277167;1.012047584;0.873652671;0.873641224;0.875091572;0.984024362;0.800523852;0.818604323;0.994544044;0.955280749;0.996889832;1.113680417;1.145000948
WLF;Wallis and Futuna;8.25014E-05;8.27285E-05;8.28729E-05;8.30973E-05;8.38839E-05;8.37951E-05;8.37566E-05;8.37826E-05;8.69583E-05;8.38707E-05;8.27596E-05;8.15807E-05;8.04303E-05;7.61206E-05;8.11894E-05;7.91112E-05;7.84465E-05;7.7827E-05;7.74187E-05;7.7013E-05
WSM;Samoa;1.04585713;1.229999722;1.429934056;1.537723491;1.581341571;1.526448387;1.539064739;1.484524151;1.481869532;1.324224662;1.19814914;1.191681231;1.219366611;1.196782121;1.279416718;1.39189924;1.964861551;1.843198199;2.248073859;2.312374968
YEM;Yemen;100.7504992;109.4408815;115.5591389;116.4374236;125.1182031;132.395982;136.8214706;142.9425346;155.2694927;166.1864131;160.3625999;149.3260131;128.3239737;116.72731;138.072266;123.8557154;72.2096358;58.63583505;53.04035067;51.35909675
ZAF;South Africa;1878.403219;1918.495105;2301.492567;2358.191935;2486.063267;2673.268044;2585.03335;2573.02893;2684.67464;2931.641319;2720.639493;2961.759585;2797.098233;2919.332788;2947.326053;3062.685301;2856.67736;2891.496255;2850.76685;2826.253731
ZMB;Zambia;53.27998122;50.54046116;55.98960576;65.0122373;55.54031209;57.41704752;55.48582462;60.37559252;50.055141;52.53045087;77.78253915;97.73022609;98.32234754;104.088519;104.9128739;111.433431;130.786494;140.265403;171.6163247;183.8529915
ZWE;Zimbabwe;112.5562076;105.5326242;107.1976037;96.92491401;81.14558423;79.72334529;85.09386368;79.86421396;80.73283715;66.32211518;65.92464488;78.88409769;82.16539594;80.65520244;81.66698315;82.63009318;85.93001863;77.07657232;70.7072131;82.44996836
